tid,election,violence,date
734426087334105088,no,no,unknown
739699354966069249,no,no,unknown
725952658960310272,yes,no,unknown
721258179212873730,no,no,unknown
732898637840297985,no,no,unknown
722668869421285377,yes,no,unknown
735418889417437184,no,no,unknown
732849610327265280,yes,no,unknown
732007533104107520,no,no,unknown
730610772787625984,yes,no,unknown
726166400327262208,no,no,unknown
725671207660601349,no,no,unknown
731494147794690052,no,no,unknown
721949591462019072,yes,violence,2016-04-18
728379806673342464,yes,no,unknown
726783826093993984,yes,no,unknown
731410852214013952,no,no,unknown
736198609532653572,yes,no,unknown
721457312737718273,no,no,unknown
739976374996377600,no,no,unknown
726201637333667840,no,no,unknown
732015316708954112,no,no,unknown
734132243384373248,no,no,unknown
735389019652161536,yes,no,unknown
722314765305950208,no,no,unknown
735166772635176960,no,no,unknown
721708175548743681,yes,no,unknown
740716308535349249,no,no,unknown
734330817690771456,yes,malpractice,2016-05-22
729136267821096960,no,no,unknown
740920973663207424,yes,no,unknown
733497752206905344,no,no,unknown
724686145095766016,no,no,unknown
732947896371306496,yes,malpractice,2016-05-18
736530280786198529,no,no,unknown
728525765306765313,yes,no,unknown
734692195333083137,no,no,unknown
718676680668131328,yes,malpractice,2016-04-09
718768708122976257,no,no,unknown
726359887643451392,no,no,unknown
736910546935521280,no,no,unknown
730943849476980737,yes,no,unknown
740051482398105600,yes,no,unknown
737746129358589953,no,no,unknown
734765547636723713,no,no,unknown
728150351937830912,no,no,unknown
739037760846237696,yes,no,unknown
739703528650743809,no,no,unknown
737076161532952577,yes,no,unknown
725930799778799616,no,no,unknown
735445360110342144,no,no,unknown
719714719376867329,no,no,unknown
735414205256372224,no,no,unknown
727411345080127488,no,no,unknown
720025664439472128,yes,malpractice,2016-04-13
739094698581626880,no,no,unknown
726197844470714368,no,no,unknown
740139738661675008,no,no,unknown
730195960605769728,yes,no,unknown
731537163632922626,no,no,unknown
727425658188484608,yes,no,unknown
740038567741644800,no,no,unknown
719943542563418112,yes,malpractice,unknown
732797871058243585,no,no,unknown
724948549130063872,yes,no,unknown
730376217052909573,no,no,unknown
726668739022721025,yes,no,unknown
735348233426350080,no,no,unknown
721399823992229888,no,no,unknown
720206761114804225,yes,malpractice,unknown
721558396000862209,yes,no,unknown
733506420834893824,yes,malpractice,2016-05-20
735756305709682688,no,no,unknown
739846918306598912,no,no,unknown
738358618639204352,yes,violence,2016-06-02
734742373163368448,no,no,unknown
726020226144313344,no,no,unknown
735696404002144256,no,no,unknown
736502269902917632,yes,no,unknown
729213557754220544,yes,violence,2016-05-08
732088501429141504,yes,no,unknown
728275544500998144,yes,no,unknown
731443765290762240,yes,malpractice,2016-05-14
734870352749170689,no,no,unknown
739779777607946241,no,no,unknown
729876618626269185,yes,no,unknown
725693973017296896,yes,no,unknown
739107581776519168,no,no,unknown
738703032460922881,yes,no,unknown
720075106253455360,no,no,unknown
733681001302360066,no,no,unknown
731914376047890432,no,no,unknown
718785274143068160,no,no,unknown
728885205725913088,yes,no,unknown
740051627621507072,no,no,unknown
727453304083587072,yes,no,unknown
721288975588134914,no,no,unknown
731000301667287040,yes,malpractice,2016-05-13
726946707095711744,yes,no,unknown
719142413025980416,yes,no,unknown
739955822797688832,no,no,unknown
740027579541782528,no,no,unknown
739645462668419072,yes,malpractice,unknown
740204191952437249,no,no,unknown
730850689992261632,no,no,unknown
735293647634108416,yes,no,unknown
728586997128794113,yes,no,unknown
738460820640780288,yes,no,unknown
725732916064473090,yes,malpractice,2016-04-29
726228113831522305,yes,no,unknown
737760097196216321,no,no,unknown
720169753612931073,yes,no,unknown
734587466678710272,yes,no,unknown
737229184381026304,no,no,unknown
731919637277868032,no,no,unknown
724227921565474817,yes,no,unknown
731405831854424064,yes,malpractice,unknown
731401419325050880,no,no,unknown
719771738288967680,yes,no,unknown
737202555994791936,yes,no,unknown
726277666194612224,no,no,unknown
725696114880454656,yes,no,unknown
726377729105473537,yes,no,unknown
721868079517474816,yes,malpractice,2016-04-18
739041636714348545,no,no,unknown
740668749485879296,no,no,unknown
732033381391699970,yes,violence,unknown
719741866032422912,no,no,unknown
734289497576243200,no,no,unknown
718883842447314944,no,no,unknown
739587667638157313,yes,violence,unknown
739069355606974464,no,no,unknown
739641261817225216,no,no,unknown
732048311989895168,yes,no,unknown
719749407483240449,no,no,unknown
736195146664943616,yes,no,unknown
721387384835846144,no,no,unknown
727576767767044096,yes,violence,2016-05-04
741069915415666689,yes,no,unknown
720134899848466432,yes,no,unknown
738348867742138369,no,no,unknown
737671906141212672,no,no,unknown
730775209611927554,no,no,unknown
735433647746994178,no,no,unknown
737853602417385472,no,no,unknown
734883359403474945,yes,malpractice,2016-05-24
736937294054072320,no,no,unknown
740851584230391808,no,no,unknown
727552212382011392,yes,violence,unknown
726273103551045632,yes,no,unknown
729831752127012864,yes,malpractice,2016-05-10
734289000735899648,no,no,unknown
724192286741913600,yes,no,unknown
727704716654706688,yes,no,unknown
729538750137540609,yes,no,unknown
719124359839809536,no,no,unknown
736335242512867328,no,no,unknown
720898645504045056,yes,no,unknown
739352860425478144,yes,violence,2016-06-05
719400499582099456,yes,no,unknown
729483665051287552,yes,violence,2016-05-09
719613597991571457,yes,malpractice,2016-04-11
736062326810370048,no,no,unknown
721544971900334080,yes,violence,2016-04-17
722426983892692992,no,no,unknown
738280718556487681,no,no,unknown
720526394699046912,no,no,unknown
736254445424508937,yes,no,unknown
740540781388124160,no,no,unknown
741125356292169728,no,no,unknown
738012886937665536,no,no,unknown
736206828212649984,yes,no,unknown
740687630459797504,yes,no,unknown
735802783798988801,no,no,unknown
739294829671153668,no,no,unknown
735777133943885824,no,no,unknown
731043568026976256,yes,no,unknown
726273597124153344,no,no,unknown
728227524262551552,yes,no,unknown
734573649311600640,yes,no,unknown
719509439913586689,no,no,unknown
736339019173236737,yes,malpractice,2016-05-28
733975507142746112,no,no,unknown
737235782121836544,no,no,unknown
734972190672584704,yes,no,unknown
728542255573651456,yes,no,unknown
720231238821261312,no,no,unknown
735827234498347008,no,no,unknown
737856803782819840,no,no,unknown
736966533692416004,yes,no,unknown
730961733024522242,yes,no,unknown
740823926994001920,yes,violence,2016-06-09
719613589745586176,yes,malpractice,unknown
731842766267949057,no,no,unknown
720501869014032384,yes,no,unknown
732329300658003968,no,no,unknown
738768498294292480,yes,violence,unknown
723617696475144197,no,no,unknown
740110861801512960,no,no,unknown
727017147734482945,yes,violence,unknown
719265232112062464,no,no,unknown
734139598146654208,no,no,unknown
735328838532640768,no,no,unknown
730960341602074625,no,no,unknown
729642282777870336,yes,no,unknown
736440329235267584,no,no,unknown
733196245297074176,no,no,unknown
732259837095116800,no,no,unknown
738391607922335744,yes,violence,unknown
731141708524756993,no,no,unknown
732097709511835648,yes,no,unknown
720426297583742976,yes,no,unknown
727690548199362564,yes,no,unknown
724200532743573505,yes,no,unknown
730654015562895360,yes,malpractice,unknown
731527737362374656,no,no,unknown
721933752964780032,no,no,unknown
739877946664603648,yes,no,unknown
735273184128208896,no,no,unknown
723749666039336960,yes,no,unknown
719645439763591170,no,no,unknown
733233996910333952,no,no,unknown
723908080702918657,no,no,unknown
732346016427479040,yes,no,unknown
724585058166693890,no,no,unknown
735884044148211713,no,no,unknown
735814993514487809,no,no,unknown
724188931311296513,yes,no,unknown
725732590574010368,yes,violence,2016-04-28
729301366485618688,yes,no,unknown
722424299521376260,yes,no,unknown
736875742978408448,no,no,unknown
741220591919763456,no,no,unknown
729941824727490562,yes,no,unknown
732875520505827328,no,no,unknown
732061010190700544,no,no,unknown
728874103432744960,yes,violence,2016-05-07
739637081169920000,no,no,unknown
736027279420051462,no,no,unknown
734477536206454784,yes,violence,unknown
719094937736744960,yes,malpractice,2016-04-10
722683268462743552,yes,no,unknown
739808006297161729,no,no,unknown
741182216768790528,no,no,unknown
721239855355703300,no,no,unknown
739750972746911744,no,no,unknown
726998119951437824,no,no,unknown
726730582332297216,no,no,unknown
719442844151197696,yes,no,unknown
735356556754202625,no,no,unknown
729650216576552960,yes,no,unknown
730443209244053508,no,no,unknown
728592967733149696,no,no,unknown
727785913904816129,yes,no,unknown
736039426518884352,no,no,unknown
738435932051886080,no,no,unknown
738348236692283393,no,no,unknown
721651795420794880,no,no,unknown
737588521871900677,no,no,unknown
729655556537864192,yes,malpractice,unknown
739642300666675201,no,no,unknown
733223961748774912,yes,no,unknown
734342107368984576,yes,malpractice,2016-05-20
731822520710500352,no,no,unknown
727308061958762496,yes,no,unknown
735797386384138240,no,no,unknown
735803208807784448,no,no,unknown
720843974252978177,no,no,unknown
729190601082593280,yes,no,unknown
735039719025713153,yes,no,unknown
732432608454279168,no,no,unknown
736861218615361536,yes,no,unknown
735711348743503872,no,no,unknown
725330918639079427,no,no,unknown
721871427054383104,yes,malpractice,2016-04-18
729877006796513280,yes,no,unknown
735917850355892224,no,no,unknown
720881542143193088,yes,no,unknown
718617815918387200,yes,no,unknown
740854252030046210,yes,violence,2016-06-09
720084474420011008,yes,no,unknown
727817139239985152,no,no,unknown
726186413767565313,yes,no,unknown
721287391584088064,no,no,unknown
720065223667810305,yes,no,unknown
725676317979463680,no,no,unknown
734665616485978114,yes,malpractice,unknown
736165705868009472,no,no,unknown
723621043525414912,no,no,unknown
721649908218875910,no,no,unknown
727871834138419200,yes,no,unknown
721767468864245760,no,no,unknown
719816953209188353,no,no,unknown
736836972287807488,yes,no,unknown
737430240771727360,yes,no,unknown
729673628518768640,yes,no,unknown
727089429181947904,yes,no,unknown
739769241851826176,yes,malpractice,2016-06-06
731726142672003073,no,no,unknown
726815901404647424,no,no,unknown
727319168232517633,yes,malpractice,2016-05-03
733856735920672768,no,no,unknown
730581188457291776,no,no,unknown
721007132229787648,no,no,unknown
724662896047722496,no,no,unknown
731710754143932416,yes,malpractice,2016-05-15
734453383944364033,yes,malpractice,unknown
740844643672281089,yes,violence,2016-06-09
739095649132511233,no,no,unknown
727306780565446662,no,no,unknown
719917127575015424,no,no,unknown
727137189994319872,yes,no,unknown
738933777674555392,yes,no,unknown
739029928406974467,no,no,unknown
727299210496847872,yes,no,unknown
732355101625442307,no,no,unknown
723492882376720384,yes,no,unknown
720058094647009280,yes,no,unknown
726652483796242432,no,no,unknown
739481620420255744,no,no,unknown
722507560683708416,yes,violence,2016-04-19
721934715968573440,yes,no,unknown
737206118141841408,no,no,unknown
740942578665717761,yes,no,unknown
725690275406864384,yes,no,unknown
736794654440460288,no,no,unknown
734940348414230528,yes,no,unknown
739237724650151940,no,no,unknown
725958081482387457,no,no,unknown
728569984964661248,no,no,unknown
735516170715992064,no,no,unknown
730212122467012608,yes,no,unknown
727714447096221698,yes,no,unknown
739586680668213248,yes,violence,2016-06-06
731067344961703936,no,no,unknown
734677640276119552,yes,no,unknown
721627988123656192,yes,no,unknown
730016398328606721,yes,no,unknown
729297864547966976,yes,no,unknown
735329423377989632,no,no,unknown
739566639172210688,yes,violence,2016-06-05
734142133339226112,yes,no,unknown
738899069246922752,yes,no,unknown
736926431603744768,no,no,unknown
721281365694492673,no,no,unknown
730804877002055681,yes,violence,2016-05-13
726427254532636677,yes,violence,unknown
724808140609359872,no,no,unknown
725932582693543936,yes,no,unknown
727168378788413440,no,no,unknown
739094655527096321,yes,no,unknown
739404044536418304,no,no,unknown
731452492408479747,no,no,unknown
735358550755659776,no,no,unknown
727044971866542080,no,no,unknown
720451391001665536,no,no,unknown
725978208793944064,no,no,unknown
719119248392474624,yes,no,unknown
729865517452795905,yes,no,unknown
737590739371098113,no,no,unknown
735001842975838208,no,no,unknown
737221826749698048,yes,no,unknown
720392740874297344,yes,no,unknown
719294935170752512,no,no,unknown
719812309661528064,no,no,unknown
731400433046949889,yes,violence,2016-05-14
719362375334305792,yes,no,unknown
737340184346271744,no,no,unknown
732802044030013441,no,no,unknown
740036847481413632,no,no,unknown
736744444607631360,no,no,unknown
722239146190737408,no,no,unknown
739580143065288704,yes,violence,unknown
724797193475874816,yes,no,unknown
732503060983865344,no,no,unknown
736586292863983618,no,no,unknown
723553766889259008,no,no,unknown
739399109287641089,no,no,unknown
720703498132717568,no,no,unknown
720898947259060224,yes,no,unknown
736159041261473793,no,no,unknown
735641851235991553,no,no,unknown
732316125577523200,no,no,unknown
731859526710788097,no,no,unknown
727798533877727232,no,no,unknown
739108293012901890,yes,no,unknown
731304767855591425,yes,malpractice,2016-05-14
740059939545178112,no,no,unknown
730590018486439937,no,no,unknown
720016624745459712,no,no,unknown
729854967981477888,yes,no,unknown
729898938015191040,yes,no,unknown
719419893284601857,yes,no,unknown
728240561925197824,no,no,unknown
725550654039580672,no,no,unknown
728376587561762818,no,no,unknown
721316314472587265,yes,no,unknown
727111059673214977,yes,violence,2016-05-02
733154587180310528,no,no,unknown
719865506488922112,yes,no,unknown
720640830831067136,yes,no,unknown
719711350339952640,yes,no,unknown
735023253102731264,no,no,unknown
726797952262377472,no,no,unknown
736210462044393473,yes,no,unknown
721950260260696066,no,no,unknown
732554515098927104,no,no,unknown
719815102224936960,no,no,unknown
732586224322367490,yes,no,unknown
731192049270173696,yes,no,unknown
720687253270458369,no,no,unknown
732135884984717312,no,no,unknown
737353890140540928,yes,malpractice,2016-05-31
739268034657976320,no,no,unknown
739108286897627136,no,no,unknown
735125946810781696,no,no,unknown
735857138770186243,no,no,unknown
728167103375675392,yes,malpractice,2016-05-05
739797746589138944,yes,no,unknown
738367730521251840,no,no,unknown
730017460456460288,yes,no,unknown
719079069870985216,yes,violence,unknown
730348669656948736,yes,no,unknown
737191470533222400,yes,no,unknown
730684643956002817,no,no,unknown
738169694314631172,yes,no,unknown
728549808458350593,yes,no,unknown
733100788998774786,yes,no,unknown
734418391637729280,no,no,unknown
732835038958620673,yes,no,unknown
725201834743197696,yes,no,unknown
733119689560231936,no,no,unknown
737674445637066752,no,no,unknown
729934881786986497,yes,no,unknown
728544671887065088,no,no,unknown
724896401344307200,no,no,unknown
720790248817491969,yes,no,unknown
737926368416169984,no,no,unknown
737147426390216704,yes,malpractice,unknown
737223230398828545,no,no,unknown
739523931053404160,no,no,unknown
739905518076989441,yes,no,unknown
721139952025800704,no,no,unknown
733083509640716288,no,no,unknown
721512783351783424,yes,no,unknown
719110473975615489,yes,no,unknown
732118124154224640,no,no,unknown
731978694764470272,no,no,unknown
719454225550303233,yes,no,unknown
729121499752194048,yes,no,unknown
731960090253770753,no,no,unknown
733273820870627328,no,no,unknown
719428493847568384,no,no,unknown
725493431175237632,no,no,unknown
732922478431862785,no,no,unknown
737230114518228992,no,no,unknown
720281730918187012,no,no,unknown
729477877050134528,yes,no,unknown
733084660817907712,no,no,unknown
737291515375030272,no,no,unknown
739512883172675584,no,no,unknown
726364158157942784,no,no,unknown
735023025918074880,no,no,unknown
725146071501012992,yes,no,unknown
721750154559299585,yes,no,unknown
724627294795509760,no,no,unknown
727507490196180992,no,no,unknown
737560916581961730,yes,no,unknown
724695934597095425,no,no,unknown
733190877523238912,no,no,unknown
726512859392397312,yes,violence,2016-05-01
741249834460585984,no,no,unknown
722701853419565057,yes,no,unknown
737853121624301568,no,no,unknown
739793607566069761,yes,no,unknown
738558124353671170,no,no,unknown
727377194989711360,yes,no,unknown
728059512901373953,yes,no,unknown
730369455784484864,yes,no,unknown
729618823108648960,yes,no,unknown
731356367584288768,no,no,unknown
735384142590926850,yes,no,unknown
740092211241623552,no,no,unknown
719089856656191489,yes,no,unknown
737848700257505285,no,no,unknown
728146484034568193,yes,malpractice,2016-05-05
720236963425624064,no,no,unknown
728240432165965824,yes,no,unknown
737468877236535296,no,no,unknown
738469030059773953,no,no,unknown
721164483754725376,yes,no,unknown
730290328331132929,yes,no,unknown
730922225637961729,yes,malpractice,unknown
719509207716929537,no,no,unknown
725079293957537792,no,no,unknown
721987432678182913,yes,no,unknown
721649769307725824,no,no,unknown
730975451712262144,no,no,unknown
734577734622547970,no,no,unknown
725378628847042560,no,no,unknown
741290018669527040,no,no,unknown
736428507878678528,no,no,unknown
736126719422169090,no,no,unknown
718622904636870656,no,no,unknown
726528150411288576,yes,violence,unknown
720438342911832064,yes,no,unknown
725927991209922560,no,no,unknown
729443411195998209,yes,no,unknown
736703641931784192,yes,malpractice,2016-05-29
732974842031394816,no,no,unknown
738352889697947648,no,no,unknown
734700868310859776,no,no,unknown
734043441177448448,no,no,unknown
718977199148298240,yes,no,unknown
719394799338389508,yes,malpractice,2016-04-11
736890154963460096,no,no,unknown
737143825630531584,yes,malpractice,unknown
722590943417741312,yes,no,unknown
729436258116771843,yes,violence,2016-05-09
731406078110486528,no,no,unknown
726291918410256384,yes,no,unknown
725721109694418944,no,no,unknown
731680862832484352,no,no,unknown
739755455715651585,yes,no,unknown
726669760499322880,no,no,unknown
723360795363430400,yes,no,unknown
728118646178906113,yes,malpractice,2016-05-05
731399097580589056,no,no,unknown
737709936646328320,yes,no,unknown
728432850349891584,no,no,unknown
739082191125118976,no,no,unknown
729493253578436608,yes,no,unknown
728925389779828736,no,no,unknown
720927807170215936,no,no,unknown
728414948070563840,yes,no,unknown
734541880332013568,no,no,unknown
736056133656272896,no,no,unknown
730671375581483010,yes,malpractice,unknown
733375160787537922,no,no,unknown
738238331905941504,no,no,unknown
738756698169593856,no,no,unknown
725664920583307264,yes,no,unknown
723137062766055424,yes,no,unknown
720393099269120001,yes,no,unknown
733544797386874881,yes,malpractice,2016-05-20
736031979225780224,no,no,unknown
729197402553339904,no,no,unknown
740729979072221184,no,no,unknown
721951645437788161,no,no,unknown
741231721501233152,no,no,unknown
734728173145853952,no,no,unknown
732742495172329472,no,no,unknown
737913633963945984,no,no,unknown
736911330674806786,yes,no,unknown
733038138180784128,yes,no,unknown
726980805772238850,yes,violence,2016-05-02
740501086075793408,no,no,unknown
720156141058179072,no,no,unknown
740531311274647555,yes,no,unknown
727437886631628800,yes,no,unknown
738637153517735936,no,no,unknown
728054541560619008,yes,no,unknown
733675275175628800,no,no,unknown
719833540695695361,yes,no,unknown
728247229350170629,no,no,unknown
739794409030438913,no,no,unknown
735292520570097664,yes,no,unknown
731853603535626240,no,no,unknown
730647194043219969,yes,no,unknown
737852448493043712,yes,no,unknown
727609493341671424,yes,violence,2016-05-04
719444177302388736,no,no,unknown
724190311258284032,yes,no,unknown
737193209588154368,yes,no,unknown
725723275284746241,no,no,unknown
737233795162640384,no,no,unknown
728224430657130496,no,no,unknown
729657315192770560,yes,no,unknown
726974268483883009,yes,violence,unknown
740916703094296576,no,no,unknown
724193515681386496,yes,no,unknown
724661285460144129,no,no,unknown
738017539196891136,no,no,unknown
736913536551669760,no,no,unknown
733944123883917312,no,no,unknown
729914873207906305,yes,no,unknown
725840301101834241,yes,no,unknown
738507508172476416,no,no,unknown
724826440336838658,no,no,unknown
739323337256665088,no,no,unknown
728841642770206720,yes,no,unknown
725664133740261377,yes,no,unknown
733817468066533376,no,no,unknown
721954460860157952,yes,no,unknown
721620167059312641,no,no,unknown
731551207983026177,no,no,unknown
721952124758654977,no,no,unknown
733540931916288004,yes,violence,2016-05-20
738926835610714113,no,no,unknown
728589663607398400,yes,no,unknown
732820515874836480,no,no,unknown
738395925899415553,no,no,unknown
739429972037754880,no,no,unknown
740696188991737856,no,no,unknown
737543623743438849,yes,malpractice,2016-05-31
728454081497341952,yes,no,unknown
727911088805785600,yes,no,unknown
739879110000967681,no,no,unknown
731634909190594560,no,no,unknown
733990849600618496,yes,no,unknown
725844427407650818,yes,no,unknown
719259823926284288,no,no,unknown
722818673161863169,no,no,unknown
732221463822925828,no,no,unknown
740095115583070208,yes,no,unknown
730428551309213696,yes,no,unknown
725901084963672067,yes,no,unknown
739589649362866176,no,no,unknown
720045320692826113,yes,no,unknown
733151903555555328,no,no,unknown
719634611614183425,no,no,unknown
728642574576193536,no,no,unknown
737678979566428160,yes,malpractice,unknown
719510710452027392,no,no,unknown
733014878559084546,yes,no,unknown
738558380499865600,no,no,unknown
727823305583910912,yes,no,unknown
727056743004405760,yes,no,unknown
728088795397021696,yes,no,unknown
739256359611473920,no,no,unknown
740071652969480193,no,no,unknown
731394409242075137,no,no,unknown
724951346718334977,yes,no,unknown
741322013667516417,no,no,unknown
725761705716932609,yes,violence,2016-04-29
724694797911347200,no,no,unknown
721016665652244480,no,no,unknown
733933394032099328,no,no,unknown
734681549589864448,no,no,unknown
741020366437392384,yes,malpractice,2016-06-10
739938336559771648,no,no,unknown
728875099395231744,yes,no,unknown
736253972302995456,yes,no,unknown
730238851327762432,yes,no,unknown
740729282251476992,yes,no,unknown
740594466596196352,no,no,unknown
730694689976778752,yes,violence,2016-05-12
741246658353106945,no,no,unknown
728312427834712064,yes,no,unknown
724186456667754496,no,no,unknown
724579613943300096,yes,no,unknown
740644167357857794,no,no,unknown
735323155372343296,no,no,unknown
736863253817483264,no,no,unknown
732898640654651392,no,no,unknown
736160643607334912,yes,malpractice,2016-05-27
740842636685234176,no,no,unknown
724798682445451265,no,no,unknown
738181522507763714,yes,no,unknown
720100348795469824,yes,no,unknown
730684874080681984,yes,no,unknown
739596786461876224,no,no,unknown
726614684481130496,yes,no,unknown
726169826524155905,yes,no,unknown
726163096939585536,no,no,unknown
741225609443971073,no,no,unknown
738271595165163520,yes,malpractice,unknown
729537667902242816,yes,no,unknown
721356207173144576,yes,no,unknown
740603245224206336,no,no,unknown
729604562894495744,yes,no,unknown
736311266562605056,no,no,unknown
738057549358895104,no,no,unknown
729980971827617793,no,no,unknown
721972846075858944,yes,no,unknown
738233754469031936,no,no,unknown
739573834165178368,no,no,unknown
731909196724076544,no,no,unknown
718823683007995905,no,no,unknown
736274549721858048,no,no,unknown
739603847790759936,no,no,unknown
726683887330545664,yes,no,unknown
735725958414508032,no,no,unknown
720908058273013760,no,no,unknown
720707015333453824,no,no,unknown
726043692998397952,no,no,unknown
734668982339264512,yes,malpractice,2016-05-23
740823720370044928,yes,violence,unknown
735445169206493185,no,no,unknown
727049050038525952,yes,no,unknown
732315736614506496,yes,no,unknown
721636140738936833,yes,no,unknown
725072964769701888,no,no,unknown
721920333104545793,no,no,unknown
740921620982845440,no,no,unknown
739422491530006530,no,no,unknown
737949919739154432,yes,violence,2016-06-01
729447555101130753,yes,no,unknown
733518970452512770,yes,no,unknown
725891409245442048,yes,no,unknown
719786888874201088,yes,no,unknown
728485172576813056,yes,no,unknown
732956031332978689,no,no,unknown
723168079648149504,no,no,unknown
718726512636104704,yes,no,unknown
725699448001589248,yes,no,unknown
739688398470795264,no,no,unknown
727058053384691712,yes,no,unknown
737852141994278912,yes,no,unknown
728587279011188736,yes,no,unknown
740920706955804672,yes,violence,unknown
733012736855150599,no,no,unknown
735424488481935361,no,no,unknown
722960168028372992,no,no,unknown
719466605424599040,no,no,unknown
728963958028177409,no,no,unknown
725749285594259458,yes,no,unknown
723725548804018182,no,no,unknown
728862298748510209,no,no,unknown
728913022261985280,yes,malpractice,unknown
719284086733410304,no,no,unknown
740798457640853504,no,no,unknown
737941388294135808,no,no,unknown
736746293310021632,yes,no,unknown
739997817054208000,yes,violence,2016-06-07
734646499590705152,no,no,unknown
740729295425830912,no,no,unknown
724786363799728129,no,no,unknown
729453381643739136,yes,violence,2016-05-09
734544859470630914,no,no,unknown
735773887661625344,yes,no,unknown
737148476203503616,yes,no,unknown
737020126390804480,no,no,unknown
718709970796195840,yes,no,unknown
724968337868906501,yes,no,unknown
722733189072949248,no,no,unknown
732556668278607872,yes,no,unknown
727714292859023365,yes,violence,2016-05-02
726982042777329664,yes,violence,unknown
724762888250994689,no,no,unknown
721269826589630464,no,no,unknown
720011259446333440,yes,no,unknown
723039843022819328,yes,no,unknown
739391241775894532,no,no,unknown
741171811384238080,yes,no,unknown
729953257339002880,yes,no,unknown
719489103469748224,yes,malpractice,unknown
724211903497527296,yes,no,unknown
739459173893558272,no,no,unknown
735825196800704512,no,no,unknown
738279541429260288,yes,no,unknown
721185540649824256,yes,no,unknown
719689957292376064,yes,no,unknown
720392427387883524,yes,no,unknown
737231984947138560,no,no,unknown
729569984368803841,yes,no,unknown
738469866592555008,no,no,unknown
737638501278220288,no,no,unknown
735064611741802498,yes,malpractice,unknown
734400423239503872,no,no,unknown
739397415900319744,no,no,unknown
731850265444253696,no,no,unknown
728052285738078208,yes,malpractice,2016-05-05
721887050396401665,yes,no,unknown
724422461786345473,no,no,unknown
728542185625243649,yes,no,unknown
737620556271341572,yes,no,unknown
728038649846214656,yes,no,unknown
735309687621443585,no,no,unknown
730662439965065217,no,no,unknown
721134696470425601,no,no,unknown
722405748118913024,no,no,unknown
728343045469396993,yes,no,unknown
720143507638202368,yes,no,unknown
732533919774441473,no,no,unknown
720894027994796032,yes,malpractice,2016-04-15
741249847047655424,no,no,unknown
730723906332426242,no,no,unknown
725977699458519040,no,no,unknown
729848464239153152,yes,no,unknown
728560923250544640,yes,no,unknown
719510970620481537,no,no,unknown
732382435309027328,no,no,unknown
719117769417953281,yes,no,unknown
726042050295001088,no,no,unknown
734084065423327232,no,no,unknown
727617687031930880,yes,no,unknown
735278539969167360,yes,no,unknown
737613120802164736,no,no,unknown
728365732078092288,no,no,unknown
738575472989069313,no,no,unknown
727339152723824640,yes,no,unknown
728404857304932352,yes,no,unknown
729030735055622146,yes,no,unknown
740530202812391426,yes,no,unknown
728624838978502656,yes,no,unknown
720938264945762304,yes,no,unknown
738722216964022273,yes,no,unknown
732407535328579585,no,no,unknown
731490467100000256,no,no,unknown
719102737531543552,yes,no,unknown
737625576597426177,no,no,unknown
735822047578841089,no,no,unknown
740202597743755265,no,no,unknown
724523053753888768,yes,no,unknown
727864803126063104,yes,no,unknown
734337508469702657,yes,no,unknown
737468576009990144,no,no,unknown
724835655252062209,no,no,unknown
735166769661349888,no,no,unknown
725069542200868865,no,no,unknown
728805557662973952,yes,violence,unknown
727711573708578817,yes,no,unknown
739563396564144128,no,no,unknown
736540238068092932,yes,no,unknown
721866180970090497,yes,no,unknown
736538045676027905,no,no,unknown
739796373575335937,no,no,unknown
720590808001417216,yes,no,unknown
718607506256175104,yes,no,unknown
739593989062545408,no,no,unknown
730646475659567104,yes,malpractice,unknown
739375986198773760,yes,violence,2016-06-05
719112384862773248,no,no,unknown
728551710742827008,yes,no,unknown
721122784299065344,no,no,unknown
736138755279454208,no,no,unknown
734367171036471296,no,no,unknown
739314739017175040,yes,no,unknown
729936594782724096,no,no,unknown
723792758339559424,yes,no,unknown
718723932627402752,yes,no,unknown
735067388933246976,no,no,unknown
739684133484400641,no,no,unknown
733914897277296640,no,no,unknown
739105749222207488,no,no,unknown
735484007631052800,yes,no,unknown
730832856407150593,no,no,unknown
726574988195590144,yes,no,unknown
722455941350686720,yes,no,unknown
735980511437393920,no,no,unknown
731708804354564097,no,no,unknown
725748136241553408,yes,no,unknown
729156441060315136,yes,no,unknown
740223354897072132,no,no,unknown
732075507936862208,no,no,unknown
738365289084002304,no,no,unknown
726025743759736833,yes,no,unknown
729284035734704128,yes,no,unknown
736062590984454145,no,no,unknown
733705294891601921,yes,violence,2016-05-21
720502342429356032,no,no,unknown
728214837436788736,no,no,unknown
734625526879506432,no,no,unknown
733788578866663424,no,no,unknown
735391887163527168,no,no,unknown
736966411017453568,yes,no,unknown
723841680705605633,yes,no,unknown
719790205847355392,no,no,unknown
734225294194708480,yes,no,unknown
732695222518419457,no,no,unknown
740727670766473218,no,no,unknown
720553348244504577,no,no,unknown
725199037138345984,no,no,unknown
735322025867247617,no,no,unknown
734672726753824768,yes,no,unknown
731445214066380802,no,no,unknown
739830592808833024,no,no,unknown
724570453591760896,no,no,unknown
728963521208188928,no,no,unknown
739650358314557440,yes,violence,2016-06-06
725528092886839296,yes,violence,2016-04-28
721750037915680768,yes,no,unknown
734244465909596161,no,no,unknown
719878046614814720,no,no,unknown
737638405912170497,yes,no,unknown
731531443332108288,no,no,unknown
730981506424803328,no,no,unknown
728113260797394945,no,no,unknown
725992150719066112,yes,no,unknown
720656916733566980,no,no,unknown
732060983447818240,yes,violence,2016-05-16
740829308269256705,no,no,unknown
724843095943172096,no,no,unknown
737296963763380224,no,no,unknown
728146453177081858,yes,malpractice,unknown
736381146909401088,no,no,unknown
732713770057768960,no,no,unknown
727798466370375680,no,no,unknown
730724821177409536,yes,no,unknown
727373192524754944,yes,no,unknown
736512741314301952,no,no,unknown
720287724494839808,no,no,unknown
724835726534270978,no,no,unknown
737611970224873474,no,no,unknown
736369299149881345,no,no,unknown
724603743795191808,yes,no,unknown
719108482050359296,yes,no,unknown
734395560875184129,no,no,unknown
726985155160625154,yes,violence,2016-05-02
738345662467608576,no,no,unknown
728460917365596160,yes,violence,2016-05-06
724527323555328000,yes,no,unknown
728872124689965056,yes,violence,2016-05-07
740529057545211904,no,no,unknown
727360676981665792,no,no,unknown
736777864822034432,no,no,unknown
739630414461968384,no,no,unknown
733279949600133122,no,no,unknown
719352100304490497,yes,no,unknown
726347324990087168,yes,violence,2016-04-30
730002843122307072,yes,no,unknown
721336895842689024,no,no,unknown
736550801993125889,no,no,unknown
723816573593509889,no,no,unknown
736312616361046016,yes,no,unknown
728067800430878720,no,no,unknown
741168082190766081,no,no,unknown
729502192403537920,no,no,unknown
737280138111528960,no,no,unknown
720544553141276672,no,no,unknown
720945201775276032,yes,no,unknown
718632652853542912,yes,malpractice,2016-04-09
739867425156431872,no,no,unknown
736810078628511744,no,no,unknown
738557529043570688,no,no,unknown
727679569851875328,no,no,unknown
730318404427481088,no,no,unknown
729843288056926212,yes,no,unknown
728058287380275200,no,no,unknown
728568350113079296,yes,no,unknown
737218816271220738,no,no,unknown
732713810230972416,yes,no,unknown
739409153899126785,no,no,unknown
731818926577848320,yes,no,unknown
728968990291206144,no,no,unknown
734316234435526656,yes,no,unknown
741327095838605314,no,no,unknown
727035774097457152,no,no,unknown
721993974710472704,yes,no,unknown
732121395312791552,yes,no,unknown
727846364231540736,yes,no,unknown
739833612086874113,no,no,unknown
719121741545631744,no,no,unknown
737105533316911104,yes,no,unknown
731953271493922816,no,no,unknown
721874933467340801,yes,malpractice,unknown
731686133315198976,yes,no,unknown
738057253278732288,no,no,unknown
732916293339217920,no,no,unknown
723716338095517698,yes,no,unknown
724119440074280960,yes,no,unknown
738722179806728193,yes,no,unknown
730282720740397056,no,no,unknown
732902509916921857,no,no,unknown
732770461898018816,yes,malpractice,2016-05-18
727756812183842816,no,no,unknown
739100482820407297,no,no,unknown
731506064483614725,no,no,unknown
726360981006258176,yes,violence,2016-04-30
738699070475096064,no,no,unknown
719779988115836928,yes,no,unknown
721670740949360640,no,no,unknown
732001393062649856,yes,no,unknown
719461824865767424,yes,violence,2016-04-11
729460335304843264,yes,no,unknown
738782010492243968,no,no,unknown
730997559250980865,no,no,unknown
730682329442574336,yes,no,unknown
736784138645209088,no,no,unknown
735026448713547776,no,no,unknown
737224323199426563,no,no,unknown
735402622778286083,no,no,unknown
727439306097221633,yes,no,unknown
720477095432949760,yes,no,unknown
733215158856757248,no,no,unknown
726988667365953536,yes,no,unknown
737952550645682176,no,no,unknown
725898987350323201,no,no,unknown
719119191249276928,yes,no,unknown
731149644269391872,yes,no,unknown
719852200382496768,no,no,unknown
736129742110261248,no,no,unknown
727461676518281216,no,no,unknown
731768875054833664,yes,no,unknown
735262934595571712,no,no,unknown
739423486460891137,no,no,unknown
725704701996466176,no,no,unknown
734668242879291393,yes,no,unknown
735537222728978433,no,no,unknown
734278144543363072,no,no,unknown
740060090695176192,yes,no,unknown
726573245692960768,yes,no,unknown
735178337060945921,no,no,unknown
725715969444704256,no,no,unknown
720172045170905088,no,no,unknown
734674580250497024,no,no,unknown
728229591391703040,yes,no,unknown
737990698935296000,yes,malpractice,unknown
732574446742081536,no,no,unknown
735047712886816769,no,no,unknown
739839341011324928,no,no,unknown
739732277425410048,no,no,unknown
734733473533988864,no,no,unknown
728974568598077440,yes,no,unknown
719627230628999168,no,no,unknown
728938319057313792,yes,violence,unknown
734627486013751296,no,no,unknown
737731879193870337,no,no,unknown
733873409751273472,no,no,unknown
731684747785592834,no,no,unknown
728858250393702400,yes,no,unknown
727517855659491328,no,no,unknown
733465392446767104,no,no,unknown
731963947105013760,yes,violence,2016-05-15
731672992783044609,yes,malpractice,2016-05-15
740895803410161664,yes,violence,unknown
735406368547430405,yes,no,unknown
738238065559273472,no,no,unknown
725274257786167296,no,no,unknown
731800019704020992,no,no,unknown
732554467686514688,no,no,unknown
720144764771921920,no,no,unknown
741199509766557696,no,no,unknown
720593592981434368,no,no,unknown
719266270680653824,no,no,unknown
737661269910507520,yes,no,unknown
727521039496810496,no,no,unknown
720196877073813504,yes,no,unknown
737759648225349632,yes,no,unknown
738508683416592388,no,no,unknown
726707673236828160,yes,no,unknown
738594997545504774,no,no,unknown
732656587274387458,no,no,unknown
729529029489926145,no,no,unknown
728238438743310336,yes,no,unknown
730761890863955968,yes,no,unknown
726303110402990082,yes,no,unknown
719453045931683840,no,no,unknown
736238179083116544,yes,violence,2016-05-28
725992568392179713,yes,no,unknown
726225649380286465,yes,no,unknown
732315940457725952,no,no,unknown
735305812806098944,yes,no,unknown
740870170940452868,yes,violence,unknown
740719864264810496,no,no,unknown
738199113687130113,no,no,unknown
740018013533966337,no,no,unknown
730047997090766850,no,no,unknown
720503705787895808,no,no,unknown
719114117437468672,yes,no,unknown
723084315236536320,no,no,unknown
735051404998381569,no,no,unknown
738940282947801088,no,no,unknown
732513660749275137,yes,malpractice,unknown
735918608778334208,no,no,unknown
729600723143565313,yes,violence,2016-05-09
724703278798262272,no,no,unknown
730451249007497216,no,no,unknown
719488990001242112,yes,no,unknown
732007668605280256,no,no,unknown
734352185748770816,no,no,unknown
719390438470209539,yes,no,unknown
729608132993777665,yes,violence,2016-05-09
727898349366444032,yes,malpractice,2016-05-05
731506411126042624,no,no,unknown
738079387107635200,no,no,unknown
738106311036919808,no,no,unknown
741113827866071040,no,no,unknown
740558753037045763,yes,no,unknown
731159943236063232,yes,no,unknown
721148321839124480,no,no,unknown
737181215074050049,yes,malpractice,2016-05-30
730369834752593921,no,no,unknown
725213620741623808,yes,no,unknown
725674738090127361,yes,no,unknown
725666862831407105,yes,no,unknown
723062261577711616,no,no,unknown
718700193072349184,no,no,unknown
729246167004000257,no,no,unknown
733173583812431872,no,no,unknown
738203304480649216,yes,no,unknown
735127878833033217,yes,no,unknown
732316126714138625,no,no,unknown
740531311274659840,no,no,unknown
737143227904561156,no,no,unknown
727342132080467969,no,no,unknown
736835817285386240,yes,no,unknown
721356258578567169,no,no,unknown
720863748643131393,no,no,unknown
737092646963798016,yes,malpractice,2016-05-30
730431772995899393,yes,no,unknown
719721790344273921,no,no,unknown
737352152910204928,no,no,unknown
734399231805390849,no,no,unknown
727492108450304001,yes,no,unknown
740887985437048832,no,no,unknown
731020708843675649,yes,no,unknown
728909889767153667,yes,no,unknown
719627705763950593,no,no,unknown
719137779318452224,no,no,unknown
719972204990107648,no,no,unknown
732269562125656064,no,no,unknown
736131748153729024,no,no,unknown
739703546891771906,no,no,unknown
735857154838519808,yes,no,unknown
738318048445140996,no,no,unknown
719877664677363712,no,no,unknown
737579295707533313,yes,malpractice,unknown
735445592223166464,no,no,unknown
737098021041639424,yes,no,unknown
719103079136690178,yes,no,unknown
726303762650800128,yes,no,unknown
731964834841907200,yes,no,unknown
732103441611296769,no,no,unknown
719851328441200641,no,no,unknown
728386361254780929,yes,no,unknown
737253333224853504,no,no,unknown
726197483995435008,yes,no,unknown
720357482942468096,no,no,unknown
720380905286569988,no,no,unknown
732874126801534976,no,no,unknown
738271414948618240,no,no,unknown
719613548121497600,yes,malpractice,2016-04-12
739723178449113088,no,no,unknown
722308515780427776,no,no,unknown
726765017442455552,yes,no,unknown
720969588909875202,yes,no,unknown
736331351838724097,no,no,unknown
736570352956887042,yes,no,unknown
737329197157371904,no,no,unknown
733234998489161728,no,no,unknown
718826544139907076,no,no,unknown
733041772918542336,no,no,unknown
719767000856313856,yes,malpractice,2016-04-12
727836844964990976,yes,no,unknown
724223173617557505,yes,no,unknown
731854305561591808,yes,violence,2016-05-15
737097219715694592,no,no,unknown
738280027486228481,no,no,unknown
737853178125787137,no,no,unknown
724076347803340800,yes,no,unknown
735327258794151938,no,no,unknown
738917399710171136,no,no,unknown
727998254042914816,no,no,unknown
735164293805531136,no,no,unknown
739061327948185602,no,no,unknown
733710807070965760,yes,no,unknown
728434762927333380,yes,no,unknown
729194404125151232,yes,no,unknown
718828191708758016,no,no,unknown
733459981270274049,yes,malpractice,unknown
740124885758967808,no,no,unknown
736061130531999744,yes,malpractice,2016-05-27
733439837093527552,no,no,unknown
719325765150461952,no,no,unknown
738641348304076800,yes,no,unknown
720283591490469890,no,no,unknown
738515647613702144,no,no,unknown
739482987025170433,no,no,unknown
730020338377986050,yes,no,unknown
734930172101566465,yes,no,unknown
728520208302804993,yes,no,unknown
729907344058941440,no,no,unknown
736895768745914368,no,no,unknown
720641680874029057,yes,no,unknown
724602049266999299,yes,no,unknown
737945463286992897,no,no,unknown
736831122932277252,no,no,unknown
731760805218242560,no,no,unknown
731755899337867264,no,no,unknown
734620676632543237,no,no,unknown
718665840112099329,yes,no,unknown
741259466180558848,yes,no,unknown
726969912736903168,no,no,unknown
735031427444539392,no,no,unknown
727706277472813056,yes,no,unknown
731357534829711361,no,no,unknown
719697039672496128,no,no,unknown
737647673210245120,no,no,unknown
720829454885388288,no,no,unknown
740316500662177792,yes,no,unknown
721779370369642496,yes,no,unknown
736157684584579072,no,no,unknown
727886138594070528,yes,no,unknown
727928039288360960,yes,no,unknown
724861869635330048,no,no,unknown
725938615201583104,yes,no,unknown
737997071345586176,no,no,unknown
730297198320046080,no,no,unknown
730704798165667840,no,no,unknown
730428859254984704,yes,violence,2016-05-12
726751904991072256,yes,no,unknown
739627384601640960,no,no,unknown
721075873906970624,no,no,unknown
726646537820893184,yes,malpractice,2016-05-01
736908472378232832,yes,no,unknown
721340492726677504,yes,no,unknown
738988681336348672,no,no,unknown
724569967069270017,no,no,unknown
732128425293418496,no,no,unknown
739464388109832192,no,no,unknown
726206661518495744,yes,malpractice,2016-04-30
739400670499901440,no,no,unknown
725228590204219393,no,no,unknown
729881198747475968,yes,no,unknown
739532908554158082,no,no,unknown
728945928044847104,yes,no,unknown
738902429874323456,no,no,unknown
737550773760884736,no,no,unknown
734709364011868160,no,no,unknown
719541340220956672,no,no,unknown
729549234429517824,yes,no,unknown
736429761594064896,no,no,unknown
727430081665204224,no,no,unknown
721779692236357632,yes,no,unknown
725785456550486016,yes,no,unknown
732771184438218755,no,no,unknown
740418101523697664,yes,malpractice,unknown
728831561873821696,yes,malpractice,2016-05-07
737136487624413184,no,no,unknown
741323459888697344,no,no,unknown
727508387185983490,yes,violence,2016-05-03
740562204617900032,no,no,unknown
734339975458742272,yes,no,unknown
728769903285559298,yes,no,unknown
734867288311136258,no,no,unknown
740923673939312640,no,no,unknown
733535108951511040,yes,no,unknown
721985794471165953,yes,no,unknown
735337437493395456,yes,violence,2016-05-25
731846829759815680,no,no,unknown
740585654791200768,no,no,unknown
733151903572328448,yes,no,unknown
733299168010084352,no,no,unknown
737798992315064320,yes,no,unknown
724696853128863744,no,no,unknown
731147638523842560,yes,violence,unknown
724865250240151552,no,no,unknown
726545811899748353,yes,no,unknown
725932712813465600,yes,no,unknown
733829548895150080,no,no,unknown
720382338182619136,yes,no,unknown
735760417922777089,no,no,unknown
734038715970949120,no,no,unknown
721212505259782145,yes,no,unknown
731386101659639809,yes,no,unknown
736155729325744128,yes,no,unknown
721647168369524736,yes,no,unknown
731937202557587457,no,no,unknown
728411944932139008,yes,no,unknown
735272185191796736,no,no,unknown
737612401453846529,no,no,unknown
733063359457714176,no,no,unknown
733200540071387136,no,no,unknown
733319324925079553,yes,no,unknown
721188977970061312,no,no,unknown
732099942316023808,no,no,unknown
735006796499144704,no,no,unknown
728971573147754496,yes,no,unknown
719391350702149632,yes,no,unknown
726785860721500160,yes,no,unknown
721349209824313344,yes,no,unknown
723889260881936384,yes,no,unknown
728914613736116224,yes,violence,2016-05-07
737683406809485312,no,no,unknown
731846111988584450,no,no,unknown
719450610941100033,no,no,unknown
724213853886631936,yes,violence,2016-04-24
721979401768804352,yes,no,unknown
721908182667276288,no,no,unknown
725222202312806400,no,no,unknown
728536905030098944,yes,no,unknown
729975321412280321,yes,no,unknown
736373985970003969,no,no,unknown
734450900412948480,no,no,unknown
724798502111305728,no,no,unknown
737406778833403904,no,no,unknown
734415110475747328,yes,no,unknown
729857502662135808,yes,no,unknown
733809478101929984,yes,no,unknown
739518676907368448,no,no,unknown
721765533218140161,no,no,unknown
727556339237429249,no,no,unknown
733917080936812544,no,no,unknown
720424863924551680,no,no,unknown
721288928817315842,no,no,unknown
730617518570643458,yes,malpractice,unknown
719877450008645632,no,no,unknown
736702988748611585,no,no,unknown
740352231929585665,no,no,unknown
739995691993300992,no,no,unknown
730317709913645057,no,no,unknown
719881189683671041,yes,no,unknown
728028255219896321,yes,no,unknown
731925820562898944,no,no,unknown
730465543631687680,no,no,unknown
724197978433429504,no,no,unknown
734647885262786560,yes,no,unknown
719406163205304320,yes,no,unknown
730667952018575360,no,no,unknown
720479794081710083,yes,no,unknown
734548749301780480,no,no,unknown
719818181435523073,no,no,unknown
725685981492318208,no,no,unknown
720048681601228800,yes,no,unknown
726640577282867201,no,no,unknown
733474271209492480,yes,malpractice,2016-05-20
729046700468383744,yes,no,unknown
730181915798581248,yes,no,unknown
720770175549575168,no,no,unknown
737993967820673024,no,no,unknown
720777292620824576,no,no,unknown
728323630942261250,no,no,unknown
720855964602073088,yes,violence,2016-04-14
740265096929218560,no,no,unknown
719306533553709056,yes,no,unknown
738072429176573952,no,no,unknown
731154187648540676,no,no,unknown
719866460894584834,no,no,unknown
727898355146219523,yes,malpractice,2016-05-05
725916168565870592,yes,no,unknown
732068894328913920,no,no,unknown
725863491358330881,no,no,unknown
729914101208485888,no,no,unknown
719840692105646080,yes,no,unknown
721647256210771969,yes,no,unknown
736830906124488705,yes,no,unknown
722960864266072064,yes,violence,2016-04-21
730028799778238464,yes,no,unknown
726568855535902720,yes,no,unknown
734645768233967616,yes,no,unknown
732122997713068032,yes,no,unknown
740772384869908480,no,no,unknown
738361562570711040,no,no,unknown
728591916296749057,yes,no,unknown
731449648469053440,no,no,unknown
740822078312583168,no,no,unknown
725954703385751552,no,no,unknown
719339516071260160,yes,no,unknown
733463170946322432,yes,no,unknown
734993478103490561,yes,no,unknown
739574775907942400,no,no,unknown
734357825992962048,yes,no,unknown
739811749008805889,no,no,unknown
733568225309396997,no,no,unknown
728559124569432064,no,no,unknown
720411125985062916,yes,no,unknown
728151328380198914,no,no,unknown
737313390025179140,no,no,unknown
722541605849296896,no,no,unknown
729643374848802816,yes,no,unknown
728820745443278848,no,no,unknown
739374224431845376,yes,no,unknown
729392283213168642,yes,no,unknown
728590236159254530,yes,no,unknown
739028067645939712,yes,no,unknown
721656186253103104,yes,no,unknown
726287137335734272,yes,no,unknown
735857146852564993,no,no,unknown
719838226681171969,no,no,unknown
725966643692621824,yes,no,unknown
725819438478581760,yes,no,unknown
726225495415623680,no,no,unknown
735965535158947840,no,no,unknown
733375083293642752,no,no,unknown
725999681763860480,yes,no,unknown
741292714868645888,no,no,unknown
725227352888725504,no,no,unknown
737743532803428352,no,no,unknown
728074748089901056,no,no,unknown
735634386159210496,no,no,unknown
720087339309998081,no,no,unknown
737120929856131072,yes,no,unknown
740179178213888003,no,no,unknown
731103315749163009,no,no,unknown
738362236264054784,no,no,unknown
720030414048366593,no,no,unknown
729259995225833472,yes,violence,2016-05-08
731768532304678912,no,no,unknown
728776440360017920,yes,no,unknown
727289137145896960,yes,no,unknown
728938534749376512,yes,no,unknown
735857176724443136,no,no,unknown
726701150561411072,no,no,unknown
726124257583861760,no,no,unknown
721936580722577408,yes,no,unknown
732700708617617408,no,no,unknown
733253426180591616,yes,no,unknown
737258162609233920,no,no,unknown
734453185163591680,no,no,unknown
724529798190518272,no,no,unknown
728217129565102080,yes,no,unknown
726159136275193856,no,no,unknown
724210951415693312,yes,no,unknown
727289140694274050,yes,no,unknown
740687664014319618,yes,no,unknown
724569337923702784,no,no,unknown
733814436838944768,no,no,unknown
725936930618138624,no,no,unknown
719644791441616898,no,no,unknown
726219353008443393,no,no,unknown
725701524202999809,no,no,unknown
739815264317931525,no,no,unknown
725835789221941249,yes,no,unknown
732387570449977346,yes,no,unknown
721650730025660417,yes,no,unknown
739748425814683648,no,no,unknown
729866602590535680,yes,no,unknown
732460159415394306,yes,no,unknown
719102634028732416,yes,no,unknown
730032532943704064,yes,no,unknown
739791869790425088,yes,no,unknown
734592496345440256,no,no,unknown
728293103002628096,yes,no,unknown
736032811648352256,yes,no,unknown
739692373005979648,no,no,unknown
732610656625528832,no,no,unknown
735777804927655937,no,no,unknown
733056093358673920,yes,no,unknown
720993167663702016,yes,no,unknown
731141184664547329,no,no,unknown
731909840193376256,no,no,unknown
721657663751266305,yes,no,unknown
731655638137356288,no,no,unknown
739662546727096320,no,no,unknown
726302721746309120,yes,no,unknown
739676297526312960,no,no,unknown
734350693310566400,no,no,unknown
720408621327065090,no,no,unknown
729914791637082113,yes,no,unknown
719486104055840769,no,no,unknown
727528290810916866,no,no,unknown
733709393808789504,yes,no,unknown
735047071489622016,no,no,unknown
731154406780047360,no,no,unknown
727810148836753408,no,no,unknown
733103671190294529,no,no,unknown
724217196725989376,no,no,unknown
724202483094970369,yes,no,unknown
739469631694331908,yes,violence,2016-06-05
727433809399021569,yes,no,unknown
739655526863233024,no,no,unknown
738707372403625984,no,no,unknown
729249165998362624,yes,no,unknown
720791876861825024,no,no,unknown
728583493257568258,no,no,unknown
734072953785208832,no,no,unknown
727783034435436544,yes,no,unknown
727398498425925633,yes,no,unknown
725722327397310464,yes,violence,2016-04-29
737481437021011968,yes,no,unknown
720504035070124032,yes,no,unknown
728893068556935168,yes,no,unknown
739515512086888448,no,no,unknown
720901541482348544,no,no,unknown
729806666783330304,yes,no,unknown
728916001925042180,no,no,unknown
739434260356943873,no,no,unknown
725165411403059200,no,no,unknown
732275597083344897,no,no,unknown
737490616024600576,no,no,unknown
721705533346942976,yes,no,unknown
724838335395540992,yes,no,unknown
733185294451675136,no,no,unknown
735896935144562688,no,no,unknown
738405944342765568,no,no,unknown
738506324657332224,yes,no,unknown
720903979345903616,no,no,unknown
740524494729687040,no,no,unknown
730461294684295169,no,no,unknown
726270777461362688,no,no,unknown
721741971660939264,yes,no,unknown
720686704886059008,yes,no,unknown
726964990284943360,yes,no,unknown
726644322058141696,yes,no,unknown
740175271613988865,no,no,unknown
739706694184243202,no,no,unknown
732712921210310656,yes,no,unknown
731804494170750977,no,no,unknown
740767778337087488,yes,no,unknown
737539007211409412,yes,no,unknown
715220198383423489,yes,no,unknown
732111021846859776,yes,no,unknown
735713382624432128,no,no,unknown
737774354683990016,yes,violence,2016-06-01
736729068687790080,yes,no,unknown
735024481995890688,no,no,unknown
735911603523092480,no,no,unknown
729921365009039360,yes,no,unknown
721359982197940224,no,no,unknown
738695486366945280,no,no,unknown
720283880230531072,yes,malpractice,unknown
723087653868949506,yes,no,unknown
735310799460306944,no,no,unknown
726010860414459904,no,no,unknown
719461462687633408,no,no,unknown
734132196961816576,no,no,unknown
740009906502144001,yes,no,unknown
728876079784570880,yes,no,unknown
728363865877061632,yes,no,unknown
731805700511301632,no,no,unknown
738336509590417408,yes,no,unknown
722326022809497600,no,no,unknown
720923139635605504,no,no,unknown
737810750350102530,yes,no,unknown
719110617785700352,yes,no,unknown
738904935958482944,no,no,unknown
736161135452291072,yes,malpractice,2016-05-27
737997080447225859,yes,no,unknown
719631861928964096,no,no,unknown
730719811450216452,yes,malpractice,2016-05-12
739535595106635776,no,no,unknown
739459329032491010,yes,violence,2016-06-05
735978460502491136,no,no,unknown
721649782687596544,no,no,unknown
721896727670890497,yes,no,unknown
728197876900225024,yes,no,unknown
732529051844280320,no,no,unknown
721784296546115591,no,no,unknown
718900905626591232,no,no,unknown
729151083323367425,yes,no,unknown
738610490423676930,no,no,unknown
725243777791619075,no,no,unknown
721897355545432064,no,no,unknown
720777809992544258,no,no,unknown
725821904108417024,yes,no,unknown
719111345711386624,yes,no,unknown
736435268161576961,yes,no,unknown
719469156714881024,yes,no,unknown
739701854377025536,yes,no,unknown
739582173699657728,no,no,unknown
728939522117926912,no,no,unknown
723347147085598720,no,no,unknown
734427631911854085,no,no,unknown
719119181027803136,no,no,unknown
732538218046873600,no,no,unknown
724815572895186945,no,no,unknown
725993822296018948,no,no,unknown
739519746551480320,no,no,unknown
739496111044321289,no,no,unknown
725278380824743936,yes,no,unknown
728828154878504960,yes,no,unknown
721245958193987584,no,no,unknown
735285744734900225,no,no,unknown
740195004660994048,no,no,unknown
729613099901157376,no,no,unknown
722508043015958528,yes,no,unknown
725673397724844032,no,no,unknown
733375483677712385,no,no,unknown
729557409853784064,yes,no,unknown
728913287987924993,yes,no,unknown
724215577732997120,yes,no,unknown
726201693545717760,yes,violence,2016-04-30
723039893333676032,no,no,unknown
734344794001047552,no,no,unknown
725761825107660800,yes,no,unknown
725690424220745729,yes,no,unknown
735128463623868417,yes,no,unknown
720260462617632768,no,no,unknown
729611796592525313,yes,no,unknown
729622892099440645,yes,no,unknown
740811744793223168,yes,no,unknown
729726419232694272,yes,no,unknown
737647084707270657,no,no,unknown
733897918017478658,yes,no,unknown
738648361574617088,yes,no,unknown
731489162625323008,no,no,unknown
735290314940780544,no,no,unknown
723821489305214977,yes,no,unknown
733210142561472512,yes,malpractice,2016-05-19
732774054663327744,yes,no,unknown
738729475660251136,no,no,unknown
731057672225591296,no,no,unknown
737834210698743810,no,no,unknown
720466987718221827,yes,no,unknown
732165022760099840,no,no,unknown
721916714263384065,no,no,unknown
719115480078766080,yes,malpractice,2016-04-10
740162852506480640,no,no,unknown
741164562687348736,no,no,unknown
727648891676418048,yes,no,unknown
729620613145501696,yes,no,unknown
729189979306397697,yes,malpractice,2016-05-08
733995787659694080,no,no,unknown
740137760573394945,no,no,unknown
724190139279237120,yes,no,unknown
731010157946257408,yes,no,unknown
737510750843871232,no,no,unknown
719094131641835522,yes,no,unknown
737997074621337600,no,no,unknown
737491478243610624,no,no,unknown
731726909977939968,yes,violence,unknown
739789501254377474,no,no,unknown
725114077341569024,no,no,unknown
732816388507742212,no,no,unknown
737283547980017664,no,no,unknown
721407769916661761,no,no,unknown
719914601790455808,no,no,unknown
719852206149644289,no,no,unknown
729538580293419009,yes,violence,2016-05-09
731292208096251904,no,no,unknown
725868475965669377,no,no,unknown
726497274122084352,yes,violence,2016-05-01
727517488817164288,yes,violence,2016-05-03
727126809733664769,yes,no,unknown
718702257127170048,no,no,unknown
737994141947203584,no,no,unknown
723857723901644801,no,no,unknown
720887995667099648,no,no,unknown
732764173072007169,no,no,unknown
735145947651444736,no,no,unknown
733273823081025536,no,no,unknown
740170077098500100,no,no,unknown
725179219056201728,yes,no,unknown
728131043908190208,yes,no,unknown
739252355191996417,no,no,unknown
729553663111266308,yes,violence,2016-05-09
719100180314738688,yes,no,unknown
729642425455677442,yes,malpractice,unknown
728226809213423616,yes,malpractice,2016-05-05
732883607442706433,no,no,unknown
738509683867033600,no,no,unknown
725700981229498369,no,no,unknown
737566039521665024,yes,no,unknown
735697238739976192,no,no,unknown
728359137000620032,no,no,unknown
721671144332349441,no,no,unknown
735071623636758529,no,no,unknown
737853068587368448,yes,no,unknown
730558844674281472,yes,no,unknown
733718614361186304,yes,violence,2016-05-21
735225892046131202,no,no,unknown
729582025858916352,yes,no,unknown
725706695154913281,yes,no,unknown
732460742583062528,yes,no,unknown
732173228899110913,no,no,unknown
728544875872821248,yes,no,unknown
719343290839990272,yes,no,unknown
725997537388175360,yes,no,unknown
739504246165372928,no,no,unknown
732325320485785600,no,no,unknown
737468034701512704,no,no,unknown
735442368824934400,no,no,unknown
720184105950838788,yes,no,unknown
733803259685679105,no,no,unknown
721951742754050049,no,no,unknown
720421330630225921,yes,no,unknown
739067979288039425,yes,no,unknown
722696455350312963,yes,no,unknown
726579255920889856,yes,no,unknown
729411705403383808,yes,no,unknown
731637445712711680,no,no,unknown
730711703545991168,no,no,unknown
735384957078507520,yes,no,unknown
730209711354568704,yes,no,unknown
719509784869920769,no,no,unknown
736351815843729408,yes,no,unknown
729309910417166336,yes,no,unknown
733170247029522432,yes,no,unknown
715220478504271872,no,no,unknown
737826070502612993,yes,malpractice,2016-06-01
719110075105746944,yes,no,unknown
734585791209443330,yes,no,unknown
736834243095994368,no,no,unknown
731760258641580032,no,no,unknown
720413305961992192,no,no,unknown
720337517740965888,no,no,unknown
727782357176975360,no,no,unknown
721875641251987456,yes,malpractice,2016-04-18
721937680083382274,no,no,unknown
732935773033398274,no,no,unknown
720095266955636736,yes,no,unknown
732508243436535808,no,no,unknown
732368720459272192,yes,no,unknown
724510097557221376,yes,no,unknown
738675449069326337,no,no,unknown
740982447119077376,no,no,unknown
722550527129755648,yes,no,unknown
724281780639948801,yes,no,unknown
725325206005387264,yes,no,unknown
720901275664130048,yes,no,unknown
736555107752415232,no,no,unknown
738240315534909441,yes,no,unknown
730907369551486976,yes,no,unknown
739375206922391552,yes,violence,2016-06-05
733407016631209984,no,no,unknown
733085004373299200,yes,no,unknown
735309684979073024,no,no,unknown
734288981798617088,no,no,unknown
731822745969811457,no,no,unknown
740463404327014400,no,no,unknown
739291225874956288,no,no,unknown
719398369987133440,no,no,unknown
735292338134646789,yes,no,unknown
720024340763258880,yes,no,unknown
735313900204396544,no,no,unknown
730326955153711106,yes,no,unknown
739124856566878208,no,no,unknown
735734893724860416,yes,no,unknown
727332324421996544,yes,malpractice,unknown
727827476475322368,yes,no,unknown
738641974346055680,no,no,unknown
732699299612516353,no,no,unknown
740844703340498947,no,no,unknown
729096505131450368,yes,no,unknown
738732762828541952,no,no,unknown
726368553595621376,yes,no,unknown
720476321424490497,yes,no,unknown
731149754881560577,no,no,unknown
731915249578856448,no,no,unknown
726931585795149824,yes,no,unknown
732778565561810945,yes,no,unknown
731755974713696256,no,no,unknown
720548980384399360,no,no,unknown
734638705504354304,no,no,unknown
735669410917031938,no,no,unknown
740060738778071040,no,no,unknown
737873625211109376,no,no,unknown
722920942884618241,yes,no,unknown
729660908293644289,no,no,unknown
726701168051679232,no,no,unknown
724714582472716288,no,no,unknown
737238619765641216,no,no,unknown
740210694205767681,no,no,unknown
732738765928570880,yes,no,unknown
726359077408776193,yes,no,unknown
728507499691659264,no,no,unknown
734659156100059136,yes,no,unknown
727804445476593664,no,no,unknown
718827026128351232,no,no,unknown
731446828416307200,no,no,unknown
735413377837604864,no,no,unknown
718718007569027072,yes,no,unknown
729256626767568896,yes,no,unknown
740005028325294080,no,no,unknown
739808532027969536,no,no,unknown
725307837392506881,no,no,unknown
735698114636480513,no,no,unknown
734677859747389440,no,no,unknown
726465600827056129,yes,violence,2016-05-01
729433278671790080,yes,no,unknown
736473215841669120,no,no,unknown
730020400868921345,yes,no,unknown
724229934831398912,yes,no,unknown
730377303968997377,no,no,unknown
719120493018771456,yes,no,unknown
735628684376170496,no,no,unknown
727004902396809216,yes,violence,2016-05-02
729622942816952320,no,no,unknown
727327370193997824,yes,no,unknown
721990693921554432,no,no,unknown
725193999812698112,yes,no,unknown
739546065863467008,no,no,unknown
727869928137740288,no,no,unknown
732576103835926529,yes,no,unknown
731772582924455936,yes,no,unknown
728596370714562560,no,no,unknown
737221869586112512,no,no,unknown
728334911354994688,yes,malpractice,2016-05-06
726481454801235969,yes,violence,2016-05-01
737805726786027520,yes,malpractice,unknown
726281746027700224,yes,no,unknown
731638724124119041,no,no,unknown
732096066682683392,no,no,unknown
723145971505500160,no,no,unknown
731968028347260928,no,no,unknown
741249947979386880,yes,no,unknown
721894756058435586,no,no,unknown
732481228918521857,yes,malpractice,2016-05-17
737192380835586048,yes,malpractice,2016-05-30
741297305676976129,no,no,unknown
729431898162790400,yes,no,unknown
732503991867691008,no,no,unknown
729993628421111808,yes,no,unknown
739830732814614528,no,no,unknown
740985273903779840,no,no,unknown
733030672344866816,no,no,unknown
724202273400713216,no,no,unknown
737900353631444992,yes,no,unknown
734372185356148736,yes,no,unknown
730226835359862784,no,no,unknown
730219091441549312,yes,no,unknown
719891326943105024,no,no,unknown
719117536462135297,yes,no,unknown
738332358609240065,no,no,unknown
732922516092522496,no,no,unknown
720800029833736193,no,no,unknown
729944137798197249,yes,no,unknown
727382626084904962,yes,no,unknown
739095469704417281,no,no,unknown
737977783821979648,no,no,unknown
729603254343045120,yes,violence,2016-05-09
741116033180782593,no,no,unknown
725802609903181824,no,no,unknown
721142743519641600,no,no,unknown
734203538897674240,no,no,unknown
736575849961398272,no,no,unknown
732106824313278465,no,no,unknown
740020122169933824,no,no,unknown
733697189491441666,yes,malpractice,2016-05-20
724861349533196289,no,no,unknown
725684883259940869,yes,no,unknown
730225110225965056,no,no,unknown
728069505566441472,no,no,unknown
740730183263522817,no,no,unknown
738430714845224960,no,no,unknown
733066907025211394,yes,no,unknown
718773805892689920,yes,violence,unknown
726190872144936960,yes,malpractice,2016-04-30
733440352489611267,no,no,unknown
740994515511693312,no,no,unknown
730531444540334081,no,no,unknown
736883258869190657,yes,no,unknown
740059995459313664,no,no,unknown
719569265771155456,no,no,unknown
725247410063085568,no,no,unknown
720405895327260672,yes,no,unknown
738873008064860161,no,no,unknown
724621171124097024,yes,malpractice,2016-04-25
720995587382837248,no,no,unknown
736799252907593728,no,no,unknown
731449384081182720,yes,no,unknown
731509791126757378,no,no,unknown
726625739630505984,yes,no,unknown
729434498358607872,yes,violence,2016-05-09
728519388169539584,yes,no,unknown
734656745352486912,yes,no,unknown
725989471842275329,yes,no,unknown
720958112342097926,yes,no,unknown
728925122917109761,no,no,unknown
725772254626324480,yes,violence,2016-04-29
732167719252942849,no,no,unknown
723101239240589312,yes,no,unknown
719372876542001153,no,no,unknown
722342904874668032,yes,no,unknown
724592712779866112,no,no,unknown
719716349048532992,yes,malpractice,unknown
734367539908780032,no,no,unknown
739375986337153024,yes,violence,2016-06-05
737997083089588225,no,no,unknown
736937902676922370,no,no,unknown
735752007567314949,no,no,unknown
735430292752601088,yes,malpractice,unknown
732172275785420800,no,no,unknown
732554308965670912,no,no,unknown
736831067949146112,no,no,unknown
724877682165596160,no,no,unknown
724184980297895941,yes,no,unknown
721766175777153026,no,no,unknown
729309906856247296,yes,no,unknown
729324526153007105,yes,no,unknown
718706254202277888,no,no,unknown
726988020809916416,no,no,unknown
735118332148387840,no,no,unknown
724739299497791488,no,no,unknown
731868835918139393,no,no,unknown
730088571403669505,no,no,unknown
725954185003290624,yes,no,unknown
722700762896338947,yes,no,unknown
722504305886924801,no,no,unknown
739459184526123009,yes,no,unknown
728367254727852032,yes,no,unknown
740443953980379136,no,no,unknown
721835101877833728,no,no,unknown
719564559946678272,yes,no,unknown
741200649531101184,no,no,unknown
719324780776718336,yes,no,unknown
719096695326269440,no,no,unknown
727927098413711360,yes,malpractice,2016-05-05
735526642898980864,no,no,unknown
726543337386176512,yes,violence,2016-05-01
719815894482989060,no,no,unknown
738971462183198722,no,no,unknown
726700590462586880,yes,no,unknown
729007123405791232,yes,no,unknown
733932708607447040,yes,no,unknown
719873986738257925,no,no,unknown
739018858045050880,no,no,unknown
719112232014098432,yes,malpractice,unknown
729152326062223360,no,no,unknown
737688371221409792,yes,violence,2016-06-01
733855162633093121,yes,no,unknown
739285852879130624,no,no,unknown
719820702895898624,no,no,unknown
739430952808521728,no,no,unknown
718881755248271360,no,no,unknown
733058677201068036,no,no,unknown
740883817360019456,no,no,unknown
731406163011637248,yes,no,unknown
733267740719517698,no,no,unknown
721971852885757954,no,no,unknown
739581640737837056,yes,violence,2016-06-06
724177518614351874,yes,no,unknown
740130632144031744,no,no,unknown
739984910199361536,no,no,unknown
725799086662668288,no,no,unknown
735422477522898944,no,no,unknown
730842573250527232,no,no,unknown
732716767642943488,no,no,unknown
739441779607404544,no,no,unknown
738963326160363520,no,no,unknown
730261392465371136,yes,no,unknown
738364497052606465,no,no,unknown
727297332992073728,yes,no,unknown
740832588261134337,no,no,unknown
733213445743648769,no,no,unknown
734020958462316544,no,no,unknown
728137366704037889,no,no,unknown
729707869931606016,yes,no,unknown
721356441450205186,no,no,unknown
728454550349193216,yes,no,unknown
740004058069508099,yes,violence,2016-06-07
740465125233197056,no,no,unknown
728289360018178048,no,no,unknown
732887478894350336,no,no,unknown
740080639479848960,no,no,unknown
735411039932579840,yes,no,unknown
729235351932309504,yes,no,unknown
725228548261183488,yes,no,unknown
731012655444430848,yes,no,unknown
725731192537010176,yes,no,unknown
738718946187173888,no,no,unknown
720545812363767809,no,no,unknown
735696390664249344,no,no,unknown
740595611733368833,yes,no,unknown
736591195703410693,no,no,unknown
725895888774660101,no,no,unknown
720606898777563136,no,no,unknown
737167408780050432,yes,no,unknown
731131284643155968,no,no,unknown
738240397801988097,no,no,unknown
719117528614567936,yes,no,unknown
734139236127903744,no,no,unknown
735836031350669312,no,no,unknown
739975166344597504,no,no,unknown
727815137994772480,no,no,unknown
733887801654009858,yes,violence,2016-05-21
730682737615458305,yes,no,unknown
738320596598034432,no,no,unknown
731316373842890752,yes,malpractice,2016-05-14
737956840533696512,no,no,unknown
721569548093132800,no,no,unknown
740711844185137152,no,no,unknown
737425854024716288,no,no,unknown
725722516547723264,yes,no,unknown
724724669757186048,no,no,unknown
740220779502161920,no,no,unknown
729980353646071808,yes,no,unknown
733034323763322880,yes,no,unknown
734651486622224385,no,no,unknown
738678408251617280,no,no,unknown
739638267885146113,yes,no,unknown
741287968552321024,no,no,unknown
725724259042136066,no,no,unknown
721426954138841089,no,no,unknown
719115739777658880,no,no,unknown
735713813270405121,no,no,unknown
726659273342652416,yes,no,unknown
734554561382252544,no,no,unknown
735465216620826624,no,no,unknown
740494971313238016,no,no,unknown
741276286312538117,no,no,unknown
731599658322165760,no,no,unknown
734131697151672320,yes,no,unknown
719909166568054785,no,no,unknown
739754384792248321,no,no,unknown
729433581764915200,no,no,unknown
735238532059521024,no,no,unknown
724649222625071104,no,no,unknown
721649090858070016,no,no,unknown
722416749786898432,no,no,unknown
722732161468465152,yes,no,unknown
739517197790240768,yes,no,unknown
727529694707462145,yes,no,unknown
727677209499045889,yes,malpractice,2016-05-04
737216303514034176,no,no,unknown
732870044686942208,no,no,unknown
732576114418143232,yes,no,unknown
734071775252893698,no,no,unknown
719980506197159937,no,no,unknown
735628683780624384,no,no,unknown
725725228312178688,no,no,unknown
725664426573991936,yes,no,unknown
741059687483744256,no,no,unknown
728578741497114624,no,no,unknown
721182609305419776,no,no,unknown
726562285074956288,yes,no,unknown
732461529983897600,no,no,unknown
727108038008557568,no,no,unknown
735329864086081536,no,no,unknown
730316248416985088,no,no,unknown
726810758613344256,yes,no,unknown
735277837666508801,no,no,unknown
728921800097210369,no,no,unknown
725241491887652864,yes,no,unknown
736124787995463683,yes,malpractice,2016-05-27
734045364118900738,yes,no,unknown
739682206398959616,yes,malpractice,2016-06-06
731144102264340480,yes,malpractice,2016-05-13
734715733901381632,no,no,unknown
720260510785122304,no,no,unknown
718753539795779584,yes,violence,unknown
728878871827779584,yes,no,unknown
720604181053120514,no,no,unknown
728323321000013824,no,no,unknown
720116776026185729,yes,no,unknown
736132167508561920,no,no,unknown
740527552368914432,no,no,unknown
722658433963540480,yes,malpractice,2016-04-20
739315748812771328,yes,no,unknown
730356089280024576,no,no,unknown
736079794903781376,yes,no,unknown
724566905193897984,yes,no,unknown
741122523316822017,no,no,unknown
722758770133180416,no,no,unknown
724836997433556993,no,no,unknown
721954209780727808,yes,no,unknown
733513588409688067,yes,malpractice,2016-05-20
734205942292713472,yes,no,unknown
733166263006990337,yes,no,unknown
732140061567950849,yes,no,unknown
726330320694480896,no,no,unknown
728074755924889604,no,no,unknown
719398041610899456,no,no,unknown
739631306846261248,no,no,unknown
740649941182361601,yes,violence,2016-06-09
724218748618448896,yes,no,unknown
739661691600969728,no,no,unknown
738561881816760320,no,no,unknown
740261378166923264,yes,no,unknown
740112750102216704,no,no,unknown
724791719909199872,no,no,unknown
732424929614790658,no,no,unknown
736778645818068992,no,no,unknown
738629979664064512,yes,no,unknown
729839113281495041,yes,violence,2016-05-10
733874750947131392,no,no,unknown
739870311466700801,no,no,unknown
732533689821888512,no,no,unknown
721900746204135425,yes,no,unknown
738258974059831296,no,no,unknown
726963461612179456,no,no,unknown
723426285209317376,yes,no,unknown
715209282287865858,yes,no,unknown
740133982931718144,no,no,unknown
740025568536723456,no,no,unknown
737222896108572672,no,no,unknown
731291577797115905,no,no,unknown
731019501873991684,yes,no,unknown
732100492113809408,no,no,unknown
740186098714869766,no,no,unknown
729998783119958016,yes,no,unknown
729200800518549504,no,no,unknown
733470110917136384,yes,no,unknown
730904550262099968,yes,no,unknown
737663587338964992,no,no,unknown
740584608966815747,no,no,unknown
727938482014949377,no,no,unknown
733255922261233664,no,no,unknown
736611686010884096,no,no,unknown
725228552489029632,no,no,unknown
737774443808722944,no,no,unknown
735794148888956928,no,no,unknown
721867131759886336,yes,no,unknown
740079929933471744,no,no,unknown
731685506128338944,no,no,unknown
734137333360955392,no,no,unknown
739999727698186240,yes,no,unknown
731785667571810304,no,no,unknown
721138484405211136,no,no,unknown
740683771133845504,yes,no,unknown
730178005666959360,yes,no,unknown
720162488558301184,no,no,unknown
727492276348276736,no,no,unknown
720918805161979904,no,no,unknown
728741418068377600,yes,no,unknown
723486171469254656,yes,no,unknown
737774393435131904,no,no,unknown
722958762902843392,no,no,unknown
738180776949223425,no,no,unknown
736908546726469632,no,no,unknown
726474278074458114,no,no,unknown
734963947405611008,no,no,unknown
729811603860926464,yes,no,unknown
726796091388088320,no,no,unknown
741286403112357888,no,no,unknown
738039437679022080,no,no,unknown
737528539839221760,yes,no,unknown
721630979824029696,yes,no,unknown
735702806808563713,no,no,unknown
735388868166422528,yes,no,unknown
734915298562691072,no,no,unknown
734288989851619330,no,no,unknown
718823059667476483,no,no,unknown
720609138401681408,no,no,unknown
727019599368085504,yes,violence,2016-05-02
741387984637923328,no,no,unknown
721032690737266688,no,no,unknown
727754912159956994,no,no,unknown
737206253768704000,no,no,unknown
731971848490102786,no,no,unknown
739654259952607232,no,no,unknown
729149606580228096,yes,no,unknown
728980567757225984,no,no,unknown
735191307165913090,yes,no,unknown
730064034167296001,no,no,unknown
733226863363907585,yes,violence,unknown
720596115414880257,no,no,unknown
735448466357424128,no,no,unknown
737084814927355904,yes,no,unknown
730282310847713280,no,no,unknown
738033137951739904,no,no,unknown
737252771741634560,yes,no,unknown
736354112254644224,no,no,unknown
728878552754495488,yes,no,unknown
727500283090100224,no,no,unknown
734519954213572609,no,no,unknown
726405700927238144,yes,no,unknown
729259164468281344,no,no,unknown
733358665751756800,no,no,unknown
719796236098936832,no,no,unknown
727429153792749568,yes,no,unknown
738271541079777280,no,no,unknown
736607239553863682,no,no,unknown
728347265379655680,no,no,unknown
739390570431434752,no,no,unknown
740217491901800448,no,no,unknown
734740566680817665,no,no,unknown
734288982394195968,no,no,unknown
727364387279802368,no,no,unknown
741191726363119617,no,no,unknown
734277265790373889,no,no,unknown
730679046896373760,no,no,unknown
738754869641646082,yes,no,unknown
739623407772393476,no,no,unknown
728439584007192577,no,no,unknown
736130374510600193,no,no,unknown
740562570684157953,no,no,unknown
736644638681882624,no,no,unknown
739138732608106496,no,no,unknown
739723657073721344,no,no,unknown
718826573617438720,yes,no,unknown
734082169534980096,yes,violence,2016-05-22
725719711380430849,no,no,unknown
725968565396856832,no,no,unknown
736878967135801344,no,no,unknown
731533191677394945,no,no,unknown
719891314767040512,yes,no,unknown
723694716458532864,yes,no,unknown
723779282028257280,no,no,unknown
737921849561092096,no,no,unknown
733343625699033088,no,no,unknown
724797730346799104,yes,no,unknown
719261558124072961,no,no,unknown
721822319837102081,yes,no,unknown
740360283252613120,no,no,unknown
734937470760935425,no,no,unknown
736883325332250624,no,no,unknown
728572687648317440,yes,no,unknown
729227024955416576,yes,no,unknown
725734073788846080,yes,no,unknown
732506936961204224,no,no,unknown
720486135168901120,yes,no,unknown
733694222906327040,yes,no,unknown
734560569487970308,no,no,unknown
731177283663233025,no,no,unknown
731113336750772224,yes,no,unknown
725691231603298304,no,no,unknown
734324638373666818,no,no,unknown
721738281952550913,yes,no,unknown
733852715877470208,no,no,unknown
721485717159952384,no,no,unknown
736816669335523332,yes,violence,2016-05-29
739395920064860160,no,no,unknown
740764926545932288,no,no,unknown
730676108257959937,no,no,unknown
721649335687991296,no,no,unknown
732503941359898624,no,no,unknown
730199238726934529,yes,no,unknown
731106112796278788,no,no,unknown
737038518493405184,no,no,unknown
729898206499217408,no,no,unknown
732442811316965376,no,no,unknown
734672912838316032,yes,no,unknown
737042726928023553,no,no,unknown
735293736473628673,yes,no,unknown
737147804913537024,no,no,unknown
736293213900812288,no,no,unknown
733973551057768449,no,no,unknown
720295324280086528,no,no,unknown
736382683274567680,no,no,unknown
725272970155806720,no,no,unknown
736205845764046850,yes,no,unknown
736219857537007616,no,no,unknown
719095859510517765,yes,no,unknown
721664864301633540,no,no,unknown
739008792575107074,no,no,unknown
730700389041852417,no,no,unknown
725976261848256512,no,no,unknown
731846562461057024,no,no,unknown
727520737867616257,no,no,unknown
727768931897856004,no,no,unknown
740741161506250752,no,no,unknown
740607813240512513,no,no,unknown
721357159007539200,no,no,unknown
719043590379450368,no,no,unknown
725924612299608068,yes,no,unknown
736227802861572096,no,no,unknown
737596144306376704,yes,no,unknown
732142732940959746,no,no,unknown
721565730844487680,no,no,unknown
730977071632015360,yes,no,unknown
720410925841264640,no,no,unknown
737511365141663745,yes,no,unknown
738217925081890817,no,no,unknown
726396265295130625,no,no,unknown
736986767824293891,yes,violence,2016-05-30
719403060884180993,yes,no,unknown
721931122473508864,no,no,unknown
734001923133673472,yes,no,unknown
719840017112240129,yes,no,unknown
721466454147616768,yes,violence,2016-04-17
723011900544405504,no,no,unknown
740964078517002241,no,no,unknown
735078095846146048,yes,no,unknown
733912592247230464,yes,no,unknown
736108413134864384,no,no,unknown
727377230351855616,yes,no,unknown
740137514254491648,yes,no,unknown
718574395657175042,no,no,unknown
737216267329802240,no,no,unknown
731233216716115968,yes,no,unknown
732756574456811520,no,no,unknown
726248712167518208,no,no,unknown
729267289669804032,yes,violence,unknown
725414209144631296,no,no,unknown
735053847391965184,no,no,unknown
732104423858667520,yes,no,unknown
736835243806625796,yes,no,unknown
737940247317762048,no,no,unknown
731744133774069760,no,no,unknown
732285606223613953,no,no,unknown
734561299636621315,yes,no,unknown
719374665903308800,yes,no,unknown
726374254904676353,yes,no,unknown
737602028998795265,no,no,unknown
739959056610168832,yes,no,unknown
724558499842154496,no,no,unknown
725924666414526465,yes,no,unknown
735502963246915584,yes,no,unknown
723620112381571074,no,no,unknown
722619263375138816,yes,no,unknown
740851688811036673,yes,no,unknown
726336513076658176,yes,no,unknown
721518985968095232,no,no,unknown
732109908192026624,no,no,unknown
740163450555355138,no,no,unknown
727887212910542849,no,no,unknown
738204833291739136,yes,violence,2016-06-02
725992722058760192,yes,no,unknown
728561128746295297,yes,no,unknown
719089770232582144,no,no,unknown
729259902695145472,yes,malpractice,2016-05-08
726982432184893440,no,no,unknown
727377171275112453,yes,no,unknown
736559654726074368,no,no,unknown
732103353249861632,no,no,unknown
737124420850995200,no,no,unknown
739127235626422272,no,no,unknown
737397598160596992,no,no,unknown
737997074289983488,no,no,unknown
720147338337996800,yes,no,unknown
738974542949814275,no,no,unknown
735115070988947456,yes,no,unknown
721963546083393536,yes,no,unknown
741068396234563584,no,no,unknown
730315818429337600,yes,violence,2016-05-11
725734501331034117,no,no,unknown
732479100657373185,yes,no,unknown
719380555012255749,yes,no,unknown
719187608174133250,no,no,unknown
739561790493757440,no,no,unknown
731468023274471426,no,no,unknown
721858936261873664,yes,no,unknown
734658548072751104,yes,no,unknown
738364752632504320,no,no,unknown
735778501194715136,no,no,unknown
730253746496786432,no,no,unknown
734723063535837184,no,no,unknown
738870314168258560,no,no,unknown
720835297412403201,yes,violence,unknown
737807723769663488,yes,no,unknown
729432414158606336,yes,no,unknown
732594103305699328,no,no,unknown
724213480555859968,yes,no,unknown
736170685047836672,no,no,unknown
739635488068243458,no,no,unknown
740577230405783552,no,no,unknown
736790746645176320,no,no,unknown
739096174267760640,no,no,unknown
737668744592269312,no,no,unknown
734584252596125697,no,no,unknown
727711607460089856,yes,no,unknown
722831398676074496,no,no,unknown
731119565229412352,no,no,unknown
729280928032247810,yes,no,unknown
738598142271094784,no,no,unknown
720147845488197632,yes,no,unknown
729644607986753536,yes,no,unknown
734564686453215233,no,no,unknown
731770752450625536,no,no,unknown
741154778542116864,no,no,unknown
731741417085751297,no,no,unknown
719510423087759360,no,no,unknown
733711978968043520,no,no,unknown
724522302973587456,no,no,unknown
738279633561526272,no,no,unknown
727376167829966848,yes,malpractice,2016-05-03
734762907083251712,no,no,unknown
741212795551633410,no,no,unknown
730370731964399616,yes,no,unknown
740459043861483521,no,no,unknown
737891757258616832,no,no,unknown
726273895762808832,no,no,unknown
720539240921243648,no,no,unknown
730633338373824512,yes,no,unknown
739436444213645313,no,no,unknown
730208345685008384,yes,no,unknown
719796152770686977,no,no,unknown
733641384498991108,no,no,unknown
718604545753001984,no,no,unknown
720881273959387136,no,no,unknown
730041091630632965,no,no,unknown
726966858843222016,yes,no,unknown
725317358475071489,yes,no,unknown
720202894205526018,no,no,unknown
738351209648656384,no,no,unknown
723740639888814080,yes,no,unknown
733230851639500800,no,no,unknown
729007143584567296,yes,no,unknown
730320894904684544,yes,no,unknown
729309923729793024,yes,no,unknown
721245430173052928,no,no,unknown
736100976621289473,no,no,unknown
718839661452341248,no,no,unknown
729914097081274370,no,no,unknown
728598247111983106,yes,no,unknown
721979666081255424,yes,no,unknown
721889472686653440,yes,no,unknown
720030757494755328,no,no,unknown
721945013865713664,no,no,unknown
720993450791804928,no,no,unknown
734965195446046720,no,no,unknown
739310951795544065,no,no,unknown
733193658510364672,no,no,unknown
739706668779442176,yes,violence,2016-06-06
734054466580795392,yes,no,unknown
735159130751565824,no,no,unknown
728944398004674561,yes,no,unknown
719118656374898689,yes,no,unknown
732088563072782336,yes,no,unknown
727439895728279552,no,no,unknown
731957347304779776,no,no,unknown
733641869284909058,no,no,unknown
730512716310319104,yes,no,unknown
739546009471225856,no,no,unknown
720855182670635008,yes,no,unknown
733932992951951360,yes,malpractice,2016-05-21
735762960207876096,no,no,unknown
741061652985073664,yes,no,unknown
727901864990138368,yes,no,unknown
732214606144376832,no,no,unknown
723392240052101121,no,no,unknown
730347406475190272,yes,violence,unknown
721611044666257408,no,no,unknown
727793484925566977,yes,no,unknown
726018564348506112,no,no,unknown
728230596594503681,yes,no,unknown
720342190979821568,yes,no,unknown
735292182899220480,yes,no,unknown
737238360083812352,no,no,unknown
731310315233628161,no,no,unknown
733548558058586116,yes,no,unknown
725863491698065408,no,no,unknown
737131811457794048,no,no,unknown
740785504136888320,no,no,unknown
736301280445009920,no,no,unknown
731755888378138625,no,no,unknown
731886333539549184,yes,violence,2016-05-16
724222649325350912,yes,no,unknown
719834981342707712,yes,no,unknown
731888522408435712,yes,violence,unknown
731275975166558209,no,no,unknown
739685893175414784,no,no,unknown
726651091408965632,yes,no,unknown
739849969893408769,no,no,unknown
739798394831396864,yes,malpractice,2016-06-06
727795869312032768,no,no,unknown
723085825173417984,no,no,unknown
731682137972183041,no,no,unknown
736290924880351232,no,no,unknown
721878782030651392,no,no,unknown
731073450115256321,no,no,unknown
728919238296018944,yes,violence,unknown
718996948544413696,yes,no,unknown
738924783258198016,no,no,unknown
725904886131388417,yes,no,unknown
736173664538746880,yes,no,unknown
737097628274458624,no,no,unknown
728418431196794881,yes,no,unknown
740235660175499265,no,no,unknown
728570960534601728,yes,no,unknown
731843141645438976,yes,no,unknown
729415771034681344,yes,no,unknown
726277446618632192,no,no,unknown
728872820831195136,yes,no,unknown
732558579408900096,yes,malpractice,2016-05-17
735655292738752513,no,no,unknown
729798668061048833,yes,violence,2016-05-10
738217157566173186,no,no,unknown
729634528155721728,yes,no,unknown
722504276547796992,yes,no,unknown
733860413465497603,no,no,unknown
736914921846378496,no,no,unknown
719144108053233664,no,no,unknown
720812242078269440,no,no,unknown
736202360846831616,no,no,unknown
