tid,election,violence,date

796328830403280896,yes,violence,2016-11-09

798360141124861952,no,no,unknown

796269422126256128,no,no,unknown

798315530599985152,no,no,unknown

804421104542642176,yes,malpractice,2016-12-01

806317916912238593,yes,no,unknown

814308069786193920,yes,violence,unknown

795882461913903104,yes,no,unknown

813661690780930049,no,no,unknown

802562953933443072,yes,no,unknown

810163133478268929,no,no,unknown

808204569859735552,yes,no,unknown

804975242728865793,yes,no,unknown

815525232094183425,yes,violence,2017-01-01

815537658021769216,no,no,unknown

795656333944983552,yes,no,unknown

812785801922756608,yes,no,unknown

795359005313040384,no,no,unknown

810489618848186369,no,no,unknown

810736024502632450,yes,malpractice,2016-12-19

800120298523807748,no,no,unknown

803872264877961216,yes,no,unknown

797836732385337344,no,no,unknown

813868598854701056,yes,violence,unknown

799275005976649728,no,no,unknown

806139525709721600,yes,no,unknown

805021537556459520,yes,no,unknown

806792599935692800,yes,no,unknown

812712983768010753,no,no,unknown

814122446387314689,no,no,unknown

811208218479394816,yes,malpractice,unknown

800983756827987968,no,no,unknown

808562501231198208,no,no,unknown

805718415793156096,yes,violence,2016-12-05

799149190765051904,yes,no,unknown

801545609782185989,no,no,unknown

801730223943385089,no,no,unknown

796630515944017920,no,no,unknown

798200031090249728,no,no,unknown

795602646388195328,no,no,unknown

802471113506881536,no,no,unknown

812838376202072065,no,no,unknown

813208326079180801,no,no,unknown

816922464357941248,no,no,unknown

802458251598200833,no,no,unknown

810504419326525440,no,no,unknown

811541777488482305,no,no,unknown

812613672434601984,no,no,unknown

804634664099049473,yes,no,unknown

807594432392495104,no,no,unknown

810371469737857024,no,no,unknown

814304201236946944,no,no,unknown

814426607985233920,no,no,unknown

812391123880538112,no,no,unknown

817698428083781639,no,no,unknown

807540198116499456,no,no,unknown

796284023886712832,no,no,unknown

809722485902110720,yes,violence,2016-12-16

806380423861465088,yes,no,unknown

810393658520403968,no,no,unknown

813473370025164801,no,no,unknown

798043044310355968,yes,no,unknown

804701774544191488,no,no,unknown

803509862181302272,yes,violence,unknown

803276350253432832,yes,no,unknown

818744984044089344,no,no,unknown

801654350149980160,yes,no,unknown

809856692716523524,no,no,unknown

818707741120327681,no,no,unknown

809648384491606017,yes,no,unknown

807600451009048577,yes,no,unknown

808261317211455490,yes,violence,2016-12-12

810421793974587392,no,no,unknown

804052926515834881,yes,no,unknown

796639558536335360,yes,no,unknown

804947685090455552,no,no,unknown

798212807254740992,no,no,unknown

809682318063501312,no,no,unknown

803648916424196101,no,no,unknown

812146736391213062,yes,no,unknown

795987806917185536,yes,no,unknown

818095146306772992,yes,no,unknown

804388988970790912,yes,no,unknown

796472748084252672,yes,no,unknown

808404882965204993,yes,no,unknown

797756128507654144,no,no,unknown

809977041240068097,yes,no,unknown

800618951118114816,yes,no,unknown

797223238963253248,yes,no,unknown

810800440183033856,no,no,unknown

799160378936664064,no,no,unknown

799985677425209344,yes,no,unknown

804233677639131136,no,no,unknown

807665107601788929,no,no,unknown

802095840403693568,yes,no,unknown

801187042327691264,no,no,unknown

808117428370608128,yes,violence,unknown

818782138501885952,no,no,unknown

813723394424373248,no,no,unknown

807805643457437696,yes,violence,unknown

810151938805350400,no,no,unknown

811902619077738496,no,no,unknown

804783536666447876,no,no,unknown

818427753666146305,yes,no,unknown

804652592886321152,no,no,unknown

810449791335415808,no,no,unknown

800043328817496064,no,no,unknown

800380698443943936,yes,violence,2016-11-20

801072447114117121,yes,no,unknown

798580451032137728,yes,no,unknown

812490435893612544,yes,no,unknown

810812717447704576,yes,malpractice,unknown

796475787855757312,no,no,unknown

796883101876109312,no,no,unknown

808038773695123456,yes,no,unknown

812193618484039681,no,no,unknown

815913005066186752,no,no,unknown

800466357393494022,yes,no,unknown

808204661006233600,no,no,unknown

813314180552003584,yes,no,unknown

796674788915904512,no,no,unknown

801243733584969728,no,no,unknown

815105426735951877,no,no,unknown

800604978993856512,no,no,unknown

810135980283805697,no,no,unknown

815184308977668100,yes,no,unknown

812477534365478912,no,no,unknown

808651729009082369,no,no,unknown

810983806668832768,no,no,unknown

796712568500981760,yes,no,unknown

805076118722248704,no,no,unknown

812305241962123264,yes,no,unknown

810847199223488512,yes,no,unknown

806207370829451264,yes,no,unknown

799442602454110209,yes,no,unknown

803867711528910848,no,no,unknown

813596929418555396,no,no,unknown

814857031379206144,no,no,unknown

797440519618121728,yes,no,unknown

815236506872938496,no,no,unknown

801572387657498624,yes,violence,2016-11-23

803331354645692417,no,no,unknown

795730451885420544,no,no,unknown

814012791292121089,no,no,unknown

817788470102003714,yes,no,unknown

795414423745789954,no,no,unknown

807589677721124864,yes,no,unknown

796429422106644480,yes,no,unknown

814863421862711296,no,no,unknown

804644207168196608,yes,no,unknown

808127561796648960,no,no,unknown

797381524517752832,yes,violence,2016-11-12

806857743952908288,yes,malpractice,2016-12-08

809226778464153600,yes,malpractice,2016-12-15

799969519229751297,no,no,unknown

803342764473782272,yes,no,unknown

797141820081864705,no,no,unknown

812983291116711936,yes,no,unknown

810231422308872192,yes,no,unknown

815354658860498944,no,no,unknown

798594457624985602,no,no,unknown

817406042279645185,no,no,unknown

816595068979212288,no,no,unknown

814572777030172672,no,no,unknown

810858211850993666,yes,no,unknown

817727482233229312,yes,no,unknown

808624080878452736,yes,no,unknown

805878625312636928,yes,violence,2016-12-05

800554661186969602,no,no,unknown

810210209583005701,no,no,unknown

805780240639414273,yes,no,unknown

810070112518737920,yes,no,unknown

818452452844388352,no,no,unknown

815999059559387140,no,no,unknown

798857720589729793,yes,violence,2016-11-16

817422884679417860,no,no,unknown

818826168082296834,yes,no,unknown

801344735810125824,yes,no,unknown

798857693565894657,no,no,unknown

805400197052452865,no,no,unknown

805826807773753345,yes,no,unknown

809785202675331072,yes,no,unknown

798834136177721345,no,no,unknown

806476516414472194,yes,no,unknown

804416849265958912,yes,no,unknown

812499737622577152,no,no,unknown

800993620056649728,no,no,unknown

809075583476846592,no,no,unknown

804934265632915456,yes,malpractice,unknown

797011770703544320,no,no,unknown

806427628412379137,yes,violence,2016-12-07

803253146713751552,yes,no,unknown

817529811996475393,no,no,unknown

799944353129132032,yes,malpractice,2016-11-19

815530062581616640,no,no,unknown

818729105499844608,no,no,unknown

813716810000281600,no,no,unknown

810206209609519104,no,no,unknown

818610850927968258,no,no,unknown

808708827591954432,no,no,unknown

818597395181277184,no,no,unknown

804685208704483328,yes,no,unknown

818492639746129922,no,no,unknown

801697060982558720,yes,no,unknown

798647498348838912,yes,no,unknown

817975701928345600,no,no,unknown

805296957174534145,yes,no,unknown

807168246285762560,yes,no,unknown

804702143156539394,yes,no,unknown

807233369578860544,yes,no,unknown

800738804436844544,yes,no,unknown

795850764174454785,yes,no,unknown

815379356830744576,no,no,unknown

812442638825754625,no,no,unknown

808418589455880194,yes,no,unknown

817745321535176705,no,no,unknown

803200373741780992,yes,no,unknown

818176270425067525,no,no,unknown

813578102114779136,no,no,unknown

816222932007550977,no,no,unknown

805065148251721729,yes,no,unknown

796867785771151360,no,no,unknown

796617888065056768,yes,no,unknown

802439418397261824,yes,no,unknown

806645983710806016,yes,no,unknown

818486192777863169,yes,no,unknown

800645076678373376,yes,no,unknown

799720163818045441,yes,malpractice,unknown

805430571044401153,yes,malpractice,2016-12-04

814133678553042944,no,no,unknown

796355760783589376,yes,no,unknown

801722988819312640,yes,no,unknown

816949128206880768,yes,violence,2017-01-05

816104643306602496,no,no,unknown

818736670493151232,no,no,unknown

815481850630176768,no,no,unknown

803554339038052352,yes,no,unknown

816325650667675649,no,no,unknown

810207047555907585,no,no,unknown

802780322672820224,no,no,unknown

807476033322700801,yes,no,unknown

799429608500174848,yes,violence,unknown

801504824428732416,yes,no,unknown

812633102237466624,yes,no,unknown

806256423395016704,yes,no,unknown

813930264120492032,no,no,unknown

812669726069587969,no,no,unknown

811213574592987136,no,no,unknown

812638473127608320,no,no,unknown

799867618060603392,no,no,unknown

799542456933040128,no,no,unknown

807633776641720321,yes,no,unknown

817019484519006208,no,no,unknown

805742171055915008,no,no,unknown

801385893529550848,yes,no,unknown

809657496038207488,yes,no,unknown

809438639998414848,no,no,unknown

816775107309924353,no,no,unknown

806052417955647492,yes,no,unknown

806194074692780033,yes,no,unknown

803932645130379264,no,no,unknown

804065437747122177,no,no,unknown

805804262232039424,yes,malpractice,2016-12-05

798518587111731200,yes,no,unknown

798305745343221760,no,no,unknown

806705214963220480,yes,no,unknown

807122498919813120,yes,no,unknown

796005563163414528,yes,no,unknown

798419293323010049,yes,malpractice,2016-11-15

808967912140767232,yes,violence,2016-12-14

800625770905407488,no,no,unknown

813278473749831680,no,no,unknown

809986531444293632,no,no,unknown

808005528844664832,no,no,unknown

807515711048450048,yes,no,unknown

809679130816118784,no,no,unknown

804446423710187522,no,no,unknown

801033209140146176,no,no,unknown

806842767158771712,yes,no,unknown

804034388065300480,no,no,unknown

801297720153620480,yes,no,unknown

811510727777329152,no,no,unknown

799002185681903616,no,no,unknown

805898214385872898,yes,violence,2016-12-05

816264112074170368,no,no,unknown

805418157536002052,yes,malpractice,2016-12-04

804390037420965888,yes,no,unknown

803699874067845120,yes,no,unknown

809722140702416896,yes,no,unknown

795989755255287808,yes,violence,2016-11-08

814428067040989184,yes,no,unknown

810010640102330368,no,no,unknown

817642438324060162,yes,no,unknown

808572829600022528,no,no,unknown

815542301447569408,no,no,unknown

809429890613346305,no,no,unknown

796292414537351168,no,no,unknown

805762893182595072,no,no,unknown

797392377052807168,no,no,unknown

805528568474177536,no,no,unknown

814419970968780800,no,no,unknown

817341632681013249,yes,no,unknown

809003976649805824,yes,no,unknown

811935213781663744,yes,no,unknown

808625421789097984,yes,malpractice,unknown

812035407818919936,no,no,unknown

802580218032562176,yes,no,unknown

812460414168666113,yes,no,unknown

796251417128402944,no,no,unknown

795273421546520576,no,no,unknown

817270278820536321,no,no,unknown

796894658727215104,yes,violence,2016-11-11

799284581224435713,yes,violence,2016-11-17

802021611499061249,yes,malpractice,unknown

806571542331199488,yes,no,unknown

799574272054214656,yes,no,unknown

801655162460897280,no,no,unknown

803182920265531392,yes,no,unknown

798431009402396672,no,no,unknown

799157693332201473,yes,no,unknown

803734156320575488,yes,no,unknown

804327484820836353,yes,no,unknown

808733258599034882,no,no,unknown

796951496667660288,no,no,unknown

803684944761552898,yes,no,unknown

810197938924195840,no,no,unknown

801863718858616832,yes,no,unknown

801334761507667968,yes,no,unknown

795874906105843712,no,no,unknown

798850177524121601,no,no,unknown

812146920516939776,yes,no,unknown

803350678374641664,yes,no,unknown

815588562800443393,no,no,unknown

801368676649803776,yes,malpractice,unknown

814733142561095680,no,no,unknown

799316185254887424,no,no,unknown

803360000043339776,no,no,unknown

813448512130138112,no,no,unknown

812318984817082368,no,no,unknown

796999654558826496,yes,no,unknown

806628375863271424,yes,violence,unknown

808334307295170561,no,no,unknown

811443186078019584,yes,no,unknown

801410829736378369,no,no,unknown

818166651073900544,no,no,unknown

818468773250244608,no,no,unknown

811761531339894785,yes,no,unknown

804336553032118272,yes,no,unknown

810045520777478144,no,no,unknown

806458209699581952,no,no,unknown

817269761511813120,yes,no,unknown

806858816163823616,yes,no,unknown

804372318822821888,no,no,unknown

818352381133922304,no,no,unknown

807402465674960896,yes,no,unknown

807925939183173632,no,no,unknown

813851135807254529,yes,no,unknown

817448458000928768,no,no,unknown

817659357835902976,no,no,unknown

797353680366342145,no,no,unknown

802014125845073920,yes,no,unknown

803571871333711874,yes,no,unknown

813298958558633984,no,no,unknown

799435016866594818,no,no,unknown

801833818206437377,yes,no,unknown

803131506386436096,no,no,unknown

801414917345579008,no,no,unknown

813765277401939968,no,no,unknown

812257526460850176,no,no,unknown

811480515006042112,no,no,unknown

801605275128131584,no,no,unknown

813420769787056128,no,no,unknown

814093940894928897,yes,no,unknown

795470944760369152,yes,no,unknown

809722328162697216,yes,violence,2016-12-16

796633706421243904,yes,no,unknown

818138913982259200,no,no,unknown

802031358075752448,yes,no,unknown

814421379726577665,no,no,unknown

796684803445850112,yes,no,unknown

810179495047102464,yes,no,unknown

808967974665256960,yes,violence,unknown

796995712122757120,yes,no,unknown

807277875309252609,yes,no,unknown

817835621309812736,yes,no,unknown

804072648313622545,yes,no,unknown

816998036564017152,no,no,unknown

796047199499157504,no,no,unknown

813447914928345088,no,no,unknown

813887476846776321,no,no,unknown

814132933414060032,no,no,unknown

814593098906902528,no,no,unknown

798619375871856640,yes,no,unknown

796295475695599616,no,no,unknown

812109357382922240,no,no,unknown

815578150910435328,yes,no,unknown

800063873130762240,no,no,unknown

796470003499470848,no,no,unknown

807916565828136962,no,no,unknown

801552021811843075,yes,no,unknown

817729774168608768,yes,no,unknown

807567727967793152,no,no,unknown

799538216072347649,yes,no,unknown

811833260179386369,no,no,unknown

806076604984295424,yes,no,unknown

795522294940659716,yes,violence,2016-11-07

795288945697456128,no,no,unknown

804653448532787200,yes,no,unknown

795395142438031361,no,no,unknown

796473410524221446,no,no,unknown

811579485380288513,no,no,unknown

804761114256936960,yes,no,unknown

805775920854278144,yes,malpractice,2016-12-05

802203505763061760,no,no,unknown

798867744141623296,no,no,unknown

803664382190387200,yes,no,unknown

811640751683727360,no,no,unknown

801670500493627393,no,no,unknown

802811954779697153,yes,no,unknown

806261195409911812,yes,no,unknown

802415230538149888,no,no,unknown

817383389175185409,no,no,unknown

811054814108991488,no,no,unknown

818566093132414976,no,no,unknown

798209920030089218,yes,violence,unknown

799902893876903936,no,no,unknown

805999040093704192,yes,no,unknown

812939239537209344,yes,violence,unknown

814292612471554048,no,no,unknown

813676608821268480,no,no,unknown

805444008076046336,yes,violence,unknown

817512269701648386,yes,no,unknown

810934914841452544,yes,no,unknown

817731648397672448,no,no,unknown

799172079421685760,no,no,unknown

815193582206386176,no,no,unknown

805322324979449856,yes,no,unknown

797738432818794496,yes,violence,2016-11-13

796283320057425921,yes,violence,2016-11-09

809193401904033792,yes,malpractice,unknown

811610194815963136,yes,no,unknown

802220168139173889,no,no,unknown

812307642592935937,yes,no,unknown

818200851810492416,no,no,unknown

804880636607610881,no,no,unknown

809984258978836480,no,no,unknown

817394186479632388,no,no,unknown

817169044411281409,no,no,unknown

809770021362798592,yes,no,unknown

796240529855909888,no,no,unknown

796420225445068801,yes,no,unknown

800340471725768705,no,no,unknown

795649622018555904,no,no,unknown

809745869998268416,yes,no,unknown

813626345175609344,yes,no,unknown

818397523807268864,yes,no,unknown

817642311274336256,no,no,unknown

817691886269952002,yes,no,unknown

802526159191752704,no,no,unknown

800659209901764608,no,no,unknown

816213987369029633,no,no,unknown

801845869473648643,yes,no,unknown

816278757480792065,yes,no,unknown

800413057205895168,yes,no,unknown

795501332920561664,no,no,unknown

816704206161715201,no,no,unknown

802158947599843328,yes,no,unknown

798580304181006336,no,no,unknown

815155975837675520,no,no,unknown

804606103170510848,no,no,unknown

806096946360369152,yes,no,unknown

817518973789044737,no,no,unknown

810069340326334464,no,no,unknown

798961092328357893,no,no,unknown

806254111746392064,no,no,unknown

798407403687571457,no,no,unknown

801411194569584640,no,no,unknown

805534658926546945,yes,no,unknown

815840385431957504,no,no,unknown

806284098704703488,yes,no,unknown

797521516036399104,no,no,unknown

811329952096337920,no,no,unknown

798227963955134464,yes,malpractice,2016-11-14

802842246525632512,no,no,unknown

818082172552806400,no,no,unknown

795885548179247104,yes,no,unknown

816201683348951040,no,no,unknown

806258398195044352,no,no,unknown

818039243025121280,no,no,unknown

812976996250779648,yes,violence,unknown

801260067202990081,yes,violence,2016-11-23

798618223314771968,yes,no,unknown

800233874034978816,yes,no,unknown

808246417949073408,no,no,unknown

802406696416997377,no,no,unknown

801727800558440448,yes,no,unknown

806812446178574340,yes,no,unknown

801117787242528768,yes,no,unknown

813403090338467840,yes,no,unknown

812633873209139200,no,no,unknown

797162002040946688,no,no,unknown

815151044254527488,no,no,unknown

804242311987261440,no,no,unknown

800999151261523968,no,no,unknown

806379548707319809,yes,violence,2016-12-07

800024877155631110,no,no,unknown

813114679706943488,yes,no,unknown

800368529035755520,yes,no,unknown

808631526770483201,no,no,unknown

807971972193910784,yes,no,unknown

812309357958467584,yes,no,unknown

811305508787421185,no,no,unknown

814874211693064193,no,no,unknown

798451246613102592,no,no,unknown

812364696699314176,no,no,unknown

812021186699923457,no,no,unknown

817464291695751169,no,no,unknown

805415590039060480,no,no,unknown

800240277080408064,yes,no,unknown

801440919518146560,yes,no,unknown

807137302644400128,yes,no,unknown

805710468073406464,yes,violence,2016-12-05

799892751051538432,yes,no,unknown

805418155329732608,yes,malpractice,2016-12-04

800570006195073024,no,no,unknown

806152136425963520,no,no,unknown

803183006487711744,yes,no,unknown

816583738079358976,no,no,unknown

808933180308918272,yes,violence,2016-12-14

818404917006258176,yes,no,unknown

815663183595761664,no,no,unknown

798857727699075072,no,no,unknown

795370540097802240,yes,no,unknown

817512160091836417,no,no,unknown

807619872641449985,no,no,unknown

806312321387823106,no,no,unknown

799365054051258368,yes,no,unknown

795872055874859008,no,no,unknown

795541332001312768,no,no,unknown

796861942078046209,no,no,unknown

813550933124771842,yes,violence,2016-12-27

815864926359195648,no,no,unknown

807965066142351366,yes,no,unknown

814600216229736448,no,no,unknown

803165579301425152,yes,violence,2016-11-28

814821405825138690,no,no,unknown

797485399136301057,yes,no,unknown

811131162781503488,yes,no,unknown

813275072928432128,no,no,unknown

795872803480276992,no,no,unknown

807345977698893826,no,no,unknown

810369634000052224,no,no,unknown

808704422058610689,no,no,unknown

802530887946543104,no,no,unknown

811497553468522496,no,no,unknown

806924151818686470,yes,malpractice,2016-12-08

806131072647958528,yes,no,unknown

808556347096711168,yes,violence,unknown

806151481724440577,yes,violence,2016-12-06

796201110671421440,no,no,unknown

815618001361895424,no,no,unknown

815655006506467328,no,no,unknown

818078310961811456,no,no,unknown

796055680306147328,no,no,unknown

801637581750419456,no,no,unknown

817925916395446273,yes,no,unknown

809164733056221203,no,no,unknown

810197950374625280,no,no,unknown

801070681282621440,no,no,unknown

810834637975076864,no,no,unknown

802677230463807488,yes,no,unknown

803225588161007616,no,no,unknown

808312361182445568,no,no,unknown

808959974537916418,yes,violence,unknown

808022689956839425,no,no,unknown

795962900649230336,no,no,unknown

807663111893348353,yes,no,unknown

799304490012864513,yes,no,unknown

809419647388946432,no,no,unknown

812163031706779648,yes,no,unknown

816676836713304065,no,no,unknown

800173216656453632,no,no,unknown

796983664513060864,no,no,unknown

815176355151302657,no,no,unknown

803342526765797376,yes,no,unknown

801368528632840193,yes,no,unknown

810109312873938945,no,no,unknown

807691648855461888,no,no,unknown

808455438161289217,yes,no,unknown

815080337201999872,no,no,unknown

808105369230868480,no,no,unknown

807553504352964608,yes,no,unknown

811138532207132672,no,no,unknown

809055640811401216,yes,no,unknown

811497310358306816,no,no,unknown

800870135825334272,no,no,unknown

813289587015634944,no,no,unknown

795696457290543104,yes,no,unknown

798225880732626944,no,no,unknown

805493666160738304,yes,no,unknown

803160082200588288,no,no,unknown

804750177831649281,yes,malpractice,unknown

817022073218461697,no,no,unknown

799931513278083073,yes,no,unknown

809737495999107072,yes,no,unknown

802280752113156096,yes,no,unknown

814464479358488576,no,no,unknown

795669420639223808,yes,no,unknown

814109049159614464,no,no,unknown

801362581738942464,yes,no,unknown

811615544487137280,yes,no,unknown

806672313827651584,yes,no,unknown

800366731294146560,no,no,unknown

798501860982292480,yes,no,unknown

811645175147610113,no,no,unknown

804943466874732544,yes,no,unknown

799783277762580480,yes,no,unknown

803167958465974273,yes,no,unknown

795933300611235841,no,no,unknown

800700853661224961,no,no,unknown

818791454843764736,no,no,unknown

812290440384937984,no,no,unknown

796261115017785345,no,no,unknown

809001083091591168,yes,no,unknown

796372601958465536,yes,no,unknown

804294731257810945,yes,no,unknown

813046876786360320,no,no,unknown

812400027737784321,no,no,unknown

808909045054799873,no,no,unknown

800162122969837569,no,no,unknown

795355936651149313,yes,violence,2016-11-06

815482732402921472,yes,no,unknown

818031554274455552,yes,no,unknown

802583732716732420,yes,no,unknown

804951141113036800,yes,no,unknown

796621761659990016,no,no,unknown

809472378497564672,yes,no,unknown

816993056272609282,no,no,unknown

817706667588599808,no,no,unknown

808562979859992576,no,no,unknown

805042719882092544,yes,no,unknown

799629898801356800,yes,no,unknown

799941372585381889,yes,no,unknown

817289001761640449,yes,no,unknown

799740467818676224,yes,no,unknown

801333756632174592,yes,no,unknown

816520773779292160,no,no,unknown

811044252696375301,no,no,unknown

818831250450448388,no,no,unknown

795533332037730304,no,no,unknown

818833577680904193,yes,no,unknown

797027871332167680,no,no,unknown

813316988072296448,no,no,unknown

795908055149973504,no,no,unknown

797381125522001920,no,no,unknown

816715617436741632,no,no,unknown

815254993641099265,no,no,unknown

806493873258295296,no,no,unknown

798097389961682945,no,no,unknown

800718928993402880,no,no,unknown

811158566346309633,yes,no,unknown

817323416088965120,yes,no,unknown

795530134564573184,no,no,unknown

798788423041499136,no,no,unknown

813573436664639488,no,no,unknown

802328804261699584,no,no,unknown

806472531804876800,yes,violence,2016-12-07

804070269249695744,yes,no,unknown

804804171618656257,no,no,unknown

801493666300887040,no,no,unknown

804194967946199041,no,no,unknown

810167151189430273,yes,no,unknown

808984702262579200,yes,no,unknown

799014507393810433,yes,no,unknown

808895708073959424,no,no,unknown

805730023739113472,no,no,unknown

804392015383248897,yes,no,unknown

804288898687975424,yes,no,unknown

811042999065071616,no,no,unknown

816625412901982208,no,no,unknown

800313286575017984,yes,violence,2016-11-20

813351934061137920,no,no,unknown

804609321002815488,no,no,unknown

811339997567664133,yes,no,unknown

804381282868363264,no,no,unknown

796069716141940738,no,no,unknown

809195809916919808,no,no,unknown

802477500764999680,no,no,unknown

809301511838826496,no,no,unknown

816311012261560320,yes,no,unknown

797503462699319296,no,no,unknown

809369369113460736,yes,violence,2016-12-15

807989891569070081,no,no,unknown

815187717759926272,yes,no,unknown

804684737210159104,yes,no,unknown

802793122648432640,yes,no,unknown

812014482012667908,no,no,unknown

808800907605450753,no,no,unknown

809579352170106881,yes,no,unknown

813644848540499968,no,no,unknown

808229382603075584,no,no,unknown

800408433082056704,yes,no,unknown

796754480012333056,no,no,unknown

808389938597269506,yes,violence,2016-12-12

815113432831848448,no,no,unknown

800804540660465664,yes,no,unknown

803856150068400128,no,no,unknown

810602692188012548,no,no,unknown

808327854161326084,yes,no,unknown

815114992160800768,no,no,unknown

815926631168491521,no,no,unknown

809769203867717632,yes,no,unknown

802914229883990016,no,no,unknown

803562708255862786,yes,violence,unknown

797904124557873152,no,no,unknown

795657314288209920,no,no,unknown

809829985741459456,no,no,unknown

815212058153259009,no,no,unknown

802184960140525568,yes,no,unknown

818853694116597765,no,no,unknown

812276743646154752,no,no,unknown

805188766835023873,yes,malpractice,2016-12-03

804682054918995968,yes,no,unknown

795676507012300800,no,no,unknown

804212553102622720,yes,no,unknown

812294466220556288,no,no,unknown

797569038348062720,no,no,unknown

796625860140924928,yes,no,unknown

800289286423769092,no,no,unknown

801811194172444672,no,no,unknown

818322069356249088,no,no,unknown

810081952615297024,yes,no,unknown

795510793873801220,no,no,unknown

814171114498883584,yes,no,unknown

805821579892432896,no,no,unknown

804615234551848960,yes,no,unknown

798097670766202880,yes,malpractice,unknown

816008374873714693,no,no,unknown

813436260635250688,no,no,unknown

802941090697510912,no,no,unknown

797461753772867584,no,no,unknown

813920578989981700,no,no,unknown

796974724777656320,yes,no,unknown

796997460908535808,no,no,unknown

802111049168261120,yes,violence,2016-11-25

803964345222762497,yes,no,unknown

813292517961543680,no,no,unknown

808711671015493633,no,no,unknown

815939414815805440,yes,no,unknown

810868166515707904,yes,malpractice,2016-12-19

815780943663341568,no,no,unknown

808678606708809732,yes,no,unknown

817053613260468224,no,no,unknown

809045386488750080,no,no,unknown

795377308290977794,no,no,unknown

810455253988573184,no,no,unknown

814362494642823168,no,no,unknown

817995830733008897,no,no,unknown

812391291778662406,no,no,unknown

814134845798580224,no,no,unknown

799000070423191552,yes,no,unknown

807448936441147392,yes,no,unknown

817610793466347520,no,no,unknown

804381107902959616,yes,no,unknown

818431257516396544,yes,no,unknown

814424843865223168,no,no,unknown

806901869897515008,yes,no,unknown

818702855829864448,no,no,unknown

800187283748126720,yes,no,unknown

800438725134065664,no,no,unknown

799566548033826816,yes,no,unknown

795618357735145472,no,no,unknown

812011459769155585,no,no,unknown

814199797183815680,no,no,unknown

809827271703928833,yes,no,unknown

817824778987991040,no,no,unknown

802422981536468992,yes,no,unknown

801850594549825536,no,no,unknown

806627499383857156,yes,no,unknown

799274475531354112,no,no,unknown

817007137939394560,yes,no,unknown

795342651486851074,no,no,unknown

802344635981004800,no,no,unknown

796623947303370752,yes,violence,2016-11-10

798508539530444808,yes,no,unknown

798818082013650944,yes,no,unknown

805711410504273920,no,no,unknown

804654359036493824,yes,no,unknown

811250769747996672,no,no,unknown

808321175940198400,no,no,unknown

801867714885287936,no,no,unknown

809303558860533760,yes,no,unknown

817721290534637568,yes,no,unknown

812429585681960964,no,no,unknown

806813194538848257,yes,no,unknown

818809568759267328,no,no,unknown

801344709213978625,yes,no,unknown

817579337050365956,no,no,unknown

810434992300036096,yes,no,unknown

809769141318152193,yes,no,unknown

797660268046192641,no,no,unknown

818652417357185024,no,no,unknown

795656344925655040,yes,no,unknown

806793034532679681,no,no,unknown

797542541340135424,no,no,unknown

815970875681996800,no,no,unknown

807201670635618304,yes,no,unknown

812540958831063040,no,no,unknown

802647323977404416,no,no,unknown

814574149649756161,yes,no,unknown

801652251962044416,no,no,unknown

803660763479031808,yes,no,unknown

798530798836064256,no,no,unknown

796826248920137728,no,no,unknown

802077485739442176,no,no,unknown

810006144378814464,no,no,unknown

812220423282761728,no,no,unknown

803541335491932161,yes,no,unknown

811155675246161920,no,no,unknown

814492879188094976,no,no,unknown

815849189770928128,no,no,unknown

802156906244689924,yes,no,unknown

811585448317489152,yes,no,unknown

812297689253773312,no,no,unknown

810062554068295680,no,no,unknown

801820940569022465,no,no,unknown

798429838587596800,no,no,unknown

810717473926447104,no,no,unknown

803509428142112768,yes,no,unknown

801305163269099520,no,no,unknown

795291484153139202,yes,no,unknown

805352277347332097,yes,no,unknown

816536489341448192,no,no,unknown

801499156393115648,yes,violence,unknown

814928253181972480,no,no,unknown

815752099401240576,no,no,unknown

805208372098105344,no,no,unknown

801237650149666816,yes,no,unknown

803092572390363136,yes,no,unknown

817711036996472832,no,no,unknown

811852951497175040,no,no,unknown

805810869548548096,no,no,unknown

814006966666280960,yes,no,unknown

806777825801842688,yes,no,unknown

810007011140268032,yes,no,unknown

809507643442204672,no,no,unknown

798225882888413184,no,no,unknown

806175171635773440,yes,no,unknown

808907539685511168,no,no,unknown

814731718351613952,yes,no,unknown

800456113745526784,yes,violence,2016-11-20

809335930205179905,no,no,unknown

800438088858238976,no,no,unknown

796748407838822401,no,no,unknown

812180907050287104,no,no,unknown

813058600855801856,no,no,unknown

801670971165933572,yes,no,unknown

800422901598060544,no,no,unknown

800728022303309824,no,no,unknown

805350264324505600,no,no,unknown

810573677184032769,no,no,unknown

811138535612960768,yes,no,unknown

812817213145096193,yes,violence,2016-12-25

809458594391281664,no,no,unknown

817512282611716096,no,no,unknown

803795676924678144,no,no,unknown

811785405930635266,yes,no,unknown

816725732428656640,no,no,unknown

803624251999866880,no,no,unknown

810026435645673472,no,no,unknown

811151326465970176,yes,no,unknown

816602864005107712,no,no,unknown

816226658604744704,yes,violence,2017-01-03

798093843757268992,no,no,unknown

795247368849473536,no,no,unknown

801758852144361472,no,no,unknown

804461220027740160,yes,no,unknown

797236361996726272,yes,no,unknown

803867673604096000,no,no,unknown

810797591059435520,no,no,unknown

818070894115307520,no,no,unknown

804610074278854657,yes,no,unknown

811507801973473280,yes,no,unknown

799209907203506176,yes,no,unknown

796281071801233408,no,no,unknown

801515338412261387,no,no,unknown

808336547200241665,no,no,unknown

814408547060641792,yes,no,unknown

796135573694152708,no,no,unknown

807872915043717121,yes,no,unknown

808368804703170562,no,no,unknown

811748988932227073,yes,violence,2016-12-22

798077044395507713,yes,violence,2016-11-14

799147112932016128,no,no,unknown

803206219796070400,yes,malpractice,2016-11-28

804279309884133376,no,no,unknown

809739842884145152,no,no,unknown

804658729593487360,no,no,unknown

798271722357133312,yes,no,unknown

817455814193672194,no,no,unknown

811235350815313920,no,no,unknown

814262448387657728,yes,no,unknown

804143292422098944,no,no,unknown

801451380850491392,yes,no,unknown

814283062297161728,no,no,unknown

797860218994642945,no,no,unknown

818832583530348545,yes,no,unknown

799944365896441856,yes,no,unknown

800599929370644480,no,no,unknown

816575257213628416,no,no,unknown

810276658641076224,no,no,unknown

806850421709041664,yes,no,unknown

812980161058639872,no,no,unknown

809066002440974337,no,no,unknown

813707816062087168,no,no,unknown

798977206940643328,yes,no,unknown

807178942474059776,yes,no,unknown

816619181588303872,no,no,unknown

801099147352899585,no,no,unknown

818817464318492673,no,no,unknown

795516561998090240,no,no,unknown

802061622336454657,yes,no,unknown

798357897373773824,yes,malpractice,unknown

807480063826493440,yes,no,unknown

806140183989157889,yes,no,unknown

810126736818143232,no,no,unknown

807262092512333825,no,no,unknown

803685885065789441,yes,no,unknown

803166447002230784,yes,violence,2016-11-28

818025481471598593,yes,no,unknown

799679891985661952,yes,violence,2016-11-18

797979456510066689,no,no,unknown

805823530365546496,yes,no,unknown

802574036257488896,yes,no,unknown

816651593735081984,yes,no,unknown

812899005369827329,yes,violence,unknown

805625778884907008,yes,no,unknown

801816196559622144,no,no,unknown

814904182671020032,no,no,unknown

795576469745438720,no,no,unknown

805728229394935808,no,no,unknown

804415998044569600,no,no,unknown

796054251856363521,yes,no,unknown

804616390753693697,yes,no,unknown

799309413521596416,no,no,unknown

815812761980571648,no,no,unknown

801397302799794176,no,no,unknown

818193560394670080,yes,no,unknown

813445229021921280,yes,no,unknown

808275299947479040,no,no,unknown

807918336088502273,no,no,unknown

806864935758266368,no,no,unknown

818737357780385792,no,no,unknown

805942076688908288,no,no,unknown

811577029854367745,yes,no,unknown

800992071679115264,yes,violence,unknown

808200382149230592,yes,no,unknown

798154175884496896,no,no,unknown

816312985610293248,no,no,unknown

808652436659433472,yes,no,unknown

795364185651625984,yes,violence,2016-11-06

817784925432741889,no,no,unknown

811304316002770944,no,no,unknown

807480152259055616,no,no,unknown

796613660143652864,yes,no,unknown

807175629481373696,yes,no,unknown

801950823051759616,no,no,unknown

803245228652167168,no,no,unknown

806080244851609600,no,no,unknown

806921156070612992,yes,no,unknown

810489618734923777,no,no,unknown

795291931190394884,yes,no,unknown

814686495596482560,no,no,unknown

797448754110537728,yes,no,unknown

805519381451177984,no,no,unknown

816322257459019776,no,no,unknown

795532652514332672,no,no,unknown

796296080296214530,no,no,unknown

798858407918780416,no,no,unknown

817939144399847426,yes,no,unknown

817270248252391424,no,no,unknown

798901595144593408,yes,no,unknown

807513089079910400,yes,no,unknown

818144574891622401,no,no,unknown

802164881982103552,yes,no,unknown

802501420369018880,yes,no,unknown

808365047936413696,no,no,unknown

807485064653185024,no,no,unknown

814929570549919744,no,no,unknown

800616996081725440,yes,no,unknown

796269182849609728,no,no,unknown

803024600506499072,yes,no,unknown

796642673134338049,no,no,unknown

814902019488120832,no,no,unknown

817115985245245440,no,no,unknown

800337008367386624,no,no,unknown

804768687899164672,no,no,unknown

818087757767647232,no,no,unknown

816205650439077888,yes,no,unknown

797835745415270400,no,no,unknown

799536857231060992,yes,no,unknown

804763189372223488,yes,no,unknown

807953125978046465,yes,no,unknown

795295181243318272,no,no,unknown

808185658598653952,no,no,unknown

812598383193952257,yes,no,unknown

809649713096036353,no,no,unknown

807994409920798720,no,no,unknown

809818520829755392,no,no,unknown

809055253031227392,yes,no,unknown

798671559388852224,no,no,unknown

803009290793611264,yes,malpractice,2016-11-27

797655202996359168,no,no,unknown

814859874039382016,no,no,unknown

814743452965601280,yes,no,unknown

798707697172578304,yes,no,unknown

804784780336185344,yes,no,unknown

816999433728565248,no,no,unknown

799555400932671490,no,no,unknown

808327211640094720,yes,no,unknown

807243299366924288,yes,no,unknown

806973186558586882,yes,no,unknown

799185213632946176,yes,no,unknown

803223379193032704,no,no,unknown

816631532676730880,no,no,unknown

809710242959360000,no,no,unknown

813674816586784768,no,no,unknown

805405679389446146,no,no,unknown

808356640483201025,no,no,unknown

816074222204231680,no,no,unknown

795372212471689216,no,no,unknown

817763149055217664,no,no,unknown

807484781848068096,yes,violence,2016-12-10

803282038744903681,yes,no,unknown

802852363794907137,yes,no,unknown

818519818714300416,no,no,unknown

814622042557321217,yes,violence,unknown

813677874377097216,no,no,unknown

807895519829880832,yes,no,unknown

811557721925439488,yes,no,unknown

796294559286362112,yes,no,unknown

810756182768029696,yes,no,unknown

809513458081427456,yes,no,unknown

808094380791828480,no,no,unknown

816755017348775937,yes,no,unknown

798511178653847552,yes,no,unknown

806595418695966720,yes,violence,2016-12-07

809721017627185152,yes,no,unknown

815804362043760641,no,no,unknown

802031815334752256,yes,violence,unknown

816181496801296384,yes,violence,2017-01-02

797742722014707712,no,no,unknown

808307124484866048,yes,no,unknown

798166029746733056,no,no,unknown

799360691677167616,yes,no,unknown

806555555376623617,yes,no,unknown

809112574880927744,no,no,unknown

804644517014016000,no,no,unknown

807666207881052160,no,no,unknown

804953647855632385,yes,no,unknown

802043109286805504,yes,violence,2016-11-25

816967841803108352,no,no,unknown

803362005256171521,no,no,unknown

807919438347505664,no,no,unknown

802998456952426497,no,no,unknown

804821586088001536,no,no,unknown

805406875021807617,no,no,unknown

799936819651575808,no,no,unknown

808320954388639745,yes,violence,2016-12-12

796282149800439809,yes,no,unknown

810615260336062464,no,no,unknown

797409374889189376,yes,no,unknown

810841197518405632,yes,no,unknown

796952513828286464,no,no,unknown

804767402416340992,no,no,unknown

806551584461246464,yes,no,unknown

801370451402493954,no,no,unknown

807898303451066368,no,no,unknown

811823846634491904,no,no,unknown

798254871459885056,yes,no,unknown

798602389393506304,yes,no,unknown

795599554250936321,no,no,unknown

812896492113444864,no,no,unknown

808421404836265984,yes,no,unknown

815175389526028288,no,no,unknown

799137247421288448,yes,no,unknown

795411007807967232,yes,no,unknown

798412949534674944,no,no,unknown

801685795421753344,no,no,unknown

801302798415568897,yes,violence,unknown

804824260287942656,no,no,unknown

802141846675689472,yes,no,unknown

807905574608314368,no,no,unknown

808321148131954689,no,no,unknown

802537290157453312,yes,no,unknown

818216559797829633,no,no,unknown

811630615888019456,yes,no,unknown

814400414640701440,yes,no,unknown

795391721270050816,no,no,unknown

800613221778399233,no,no,unknown

811819537830150144,no,no,unknown

818178052580659205,no,no,unknown

809002017356124161,no,no,unknown

799357188900732928,yes,no,unknown

814023367846166528,yes,no,unknown

814848198430707713,no,no,unknown

806851058911875072,yes,no,unknown

810956979757780993,no,no,unknown

809231539900973056,yes,no,unknown

817003410306322432,no,no,unknown

797556742515093505,no,no,unknown

812294466878971904,no,no,unknown

799991026802774016,yes,no,unknown

808225558635089920,yes,no,unknown

807047255928639488,yes,no,unknown

796858336209735680,no,no,unknown

795917680687583232,yes,violence,2016-11-08

815166284237275136,no,no,unknown

810497045605781504,no,no,unknown

813862355062951937,no,no,unknown

801458587830747136,no,no,unknown

806865067438383104,yes,no,unknown

815346885519175680,no,no,unknown

801578408086007808,yes,no,unknown

815480445714321408,no,no,unknown

805446221603151872,yes,no,unknown

798518586188828672,yes,no,unknown

818746735786758145,no,no,unknown

807124732235681792,no,no,unknown

805512852199063552,yes,no,unknown

809854451515326465,no,no,unknown

807971832611672064,yes,no,unknown

801053700449923072,no,no,unknown

795965462584721409,yes,no,unknown

813804653389475840,no,no,unknown

798887580292874240,no,no,unknown

796986688501383168,yes,no,unknown

818032293524684800,yes,no,unknown

813377098723246080,yes,no,unknown

800405248871272448,yes,malpractice,unknown

808281067664896001,no,no,unknown

803594174175932416,no,no,unknown

809513805189447680,no,no,unknown

805743539657277441,yes,violence,2016-12-05

798114067651166208,no,no,unknown

812755195532898305,no,no,unknown

815872333357273090,no,no,unknown

803308185905938433,no,no,unknown

807974583269789700,yes,no,unknown

803406614044753921,yes,no,unknown

804939864428990464,no,no,unknown

810078789296340992,yes,malpractice,2016-12-17

817642202432032768,yes,no,unknown

803713739895644161,yes,no,unknown

795251103138988032,no,no,unknown

817018276408655872,no,no,unknown

804943639856238592,no,no,unknown

817747630486753281,no,no,unknown

799380605544919040,yes,violence,unknown

801101432376082433,yes,no,unknown

800623815487328256,yes,violence,2016-11-21

804367388577824771,yes,no,unknown

811704852904611840,no,no,unknown

810156762938675200,yes,no,unknown

817359306437824512,yes,no,unknown

803560672223199232,no,no,unknown

816667788202901504,no,no,unknown

818264734919069696,no,no,unknown

808299605498728448,yes,no,unknown

798549025481891840,yes,violence,2016-11-15

806536648141852672,yes,no,unknown

804179093696741376,yes,no,unknown

800357885116940289,no,no,unknown

802571434115465216,yes,no,unknown

799892433366609920,no,no,unknown

796661568100503553,yes,no,unknown

801181974165618688,no,no,unknown

808414287400239105,yes,no,unknown

809763583831719940,no,no,unknown

800058826233933824,yes,no,unknown

818378231879438336,no,no,unknown

803494242660315136,yes,no,unknown

797830781007699969,no,no,unknown

807175228627398656,no,no,unknown

806630321701715968,no,no,unknown

809222603026169857,yes,no,unknown

796729390474395648,yes,no,unknown

801193972190314499,no,no,unknown

813539286419177473,no,no,unknown

796687875463151616,yes,violence,unknown

814769814040256512,no,no,unknown

795356328982171653,no,no,unknown

801712796803170304,yes,no,unknown

795737735743029250,yes,no,unknown

800688087496003584,no,no,unknown

817601670414745601,no,no,unknown

817271106276990976,no,no,unknown

805082742388117509,yes,no,unknown

815192243162218497,no,no,unknown

818600842731409408,no,no,unknown

797423195842314240,no,no,unknown

797805249423704064,no,no,unknown

808572019507888128,no,no,unknown

810152871014502400,no,no,unknown

804233859185319936,yes,no,unknown

817988972479705088,yes,no,unknown

796000990377951233,no,no,unknown

814081089299845120,yes,no,unknown

812277649661919232,no,no,unknown

798086266587906048,yes,no,unknown

805722708080230400,no,no,unknown

810184324138106880,yes,no,unknown

802346340764307456,yes,no,unknown

814141596639916033,yes,no,unknown

804755548403023874,no,no,unknown

807276519529844736,yes,no,unknown

802499228190679040,no,no,unknown

801279263139889152,no,no,unknown

801129202929913858,yes,malpractice,2016-11-22

812757215748747264,no,no,unknown

806837657531621377,yes,no,unknown

798107060495749120,no,no,unknown

813813939821838336,no,no,unknown

818540121947602948,yes,violence,2017-01-09

806611165270994944,no,no,unknown

812927556445839360,no,no,unknown

818193574906970112,yes,no,unknown

799939817719136256,yes,no,unknown

816307314152054784,no,no,unknown

801480796502654976,no,no,unknown

799910406416437248,no,no,unknown

808413947154038784,yes,no,unknown

814678033730670592,yes,no,unknown

802448381842952193,yes,no,unknown

818129864226197504,no,no,unknown

796416576425787392,yes,no,unknown

806780704411389952,yes,no,unknown

803193965667381248,yes,no,unknown

801715818396577792,no,no,unknown

812198248974684160,yes,no,unknown

814080711288324096,yes,no,unknown

806649683259064320,yes,no,unknown

813510410825592833,yes,no,unknown

818366260820013057,no,no,unknown

812594494734561280,yes,violence,2016-12-24

802560939333545984,no,no,unknown

801840953694834689,no,no,unknown

813076474714554368,no,no,unknown

817019706616020992,no,no,unknown

802153779172876288,yes,no,unknown

800976425398304768,no,no,unknown

796061920109461504,yes,no,unknown

799581556364943360,yes,no,unknown

804798933448933376,no,no,unknown

795521401549627392,yes,no,unknown

818859837572386816,no,no,unknown

796679120415584256,no,no,unknown

810317843724169221,no,no,unknown

813265786642919424,no,no,unknown

810791988337528833,no,no,unknown

817562983027052544,no,no,unknown

799967109765861376,no,no,unknown

808309256168636416,yes,no,unknown

798601538981634048,no,no,unknown

796174264680390656,no,no,unknown

805444090116603905,yes,no,unknown

813762336624410625,no,no,unknown

802822549335851008,no,no,unknown

807408366771441664,yes,no,unknown

806188897583497216,no,no,unknown

799812273262956544,yes,violence,2016-11-19

797053618461569026,no,no,unknown

798797893389824000,no,no,unknown

809112856755138561,no,no,unknown

817297915517358080,no,no,unknown

802781267913834496,no,no,unknown

818097853843337216,no,no,unknown

812275804721872900,no,no,unknown

804759962517995520,yes,no,unknown

797834963462815744,no,no,unknown

800423617536425984,no,no,unknown

818489445792026633,no,no,unknown

818239009570820097,no,no,unknown

808194120082718721,yes,no,unknown

805321086586015744,yes,no,unknown

816704917897412617,no,no,unknown

806502368720330752,yes,no,unknown

800311453089722368,no,no,unknown

800105370161127424,no,no,unknown

808726826898034688,no,no,unknown

814301765738921984,no,no,unknown

812538968457678849,no,no,unknown

818746530878328833,no,no,unknown

810214148399366144,yes,no,unknown

816864994503622656,no,no,unknown

797356698671443968,no,no,unknown

811586730985922561,no,no,unknown

797509791233036288,yes,no,unknown

809891413085200384,no,no,unknown

805261719551574016,no,no,unknown

810899552077287424,no,no,unknown

810041815869095936,yes,violence,2016-12-17

815378599276670977,yes,no,unknown

814487667765297152,yes,no,unknown

815184839854948352,no,no,unknown

796806486185963520,yes,no,unknown

803065958722113536,yes,no,unknown

816230829168979968,no,no,unknown

813463657833177088,no,no,unknown

805246561869590530,no,no,unknown

805216440286662657,no,no,unknown

810547368277983232,no,no,unknown

798225880493543424,no,no,unknown

807521573116801024,yes,no,unknown

809648384239923201,yes,no,unknown

796715826074161152,no,no,unknown

817819644287471616,no,no,unknown

816574515945869312,yes,violence,2017-01-04

816748478521114625,no,no,unknown

796038518279720960,no,no,unknown

809556695122845698,yes,violence,2016-12-16

817732574088953856,no,no,unknown

809655823228141568,yes,no,unknown

807092852018843648,yes,no,unknown

810538389950775296,yes,no,unknown

798978225967800320,no,no,unknown

800349023743791105,yes,violence,unknown

818021955701903360,no,no,unknown

801746523251937280,yes,no,unknown

811902629479489537,no,no,unknown

799944340017528832,yes,no,unknown

803931832253300736,yes,malpractice,unknown

796579623995842560,yes,malpractice,unknown

810932149171855360,no,no,unknown

797835840546361344,no,no,unknown

803185498768474112,yes,malpractice,unknown

804723141201301504,no,no,unknown

806982627412606978,no,no,unknown

797859223765925888,yes,no,unknown

806287815579467776,no,no,unknown

802544994552680448,no,no,unknown

804875715229450240,no,no,unknown

795572161587085312,no,no,unknown

801763108679196672,no,no,unknown

817689380055904256,yes,no,unknown

797862250887389184,no,no,unknown

816280380084887552,no,no,unknown

806759947685871617,no,no,unknown

804749625689305090,yes,no,unknown

810187814621106176,no,no,unknown

813275072353837056,no,no,unknown

796793900308500481,yes,violence,2016-11-10

810504459260428289,no,no,unknown

808993208210509824,no,no,unknown

812660787470708737,no,no,unknown

795572722139074560,no,no,unknown

813061302952296448,no,no,unknown

803243172948299776,yes,violence,2016-11-28

815205605514342400,no,no,unknown

817685060572905472,no,no,unknown

798413088756289541,no,no,unknown

800369850107527168,no,no,unknown

807522413802061826,no,no,unknown

800101701348978688,no,no,unknown

803658835047186436,no,no,unknown

795251151805513728,no,no,unknown

798493778327678976,yes,violence,2016-11-15

804141099187060738,no,no,unknown

796690392942931968,no,no,unknown

812351590413848576,no,no,unknown

800164599429525504,no,no,unknown

798925223366168576,yes,violence,2016-11-16

801010070972567553,no,no,unknown

811144970417635328,yes,no,unknown

804687042273800192,no,no,unknown

797819713246167040,no,no,unknown

812053300925362176,no,no,unknown

799030184146042880,no,no,unknown

799077416366915584,no,no,unknown

800672881676079104,yes,violence,2016-11-21

805322358030553088,yes,no,unknown

797742232778448896,yes,violence,unknown

810611766883418112,no,no,unknown

806552708907991041,yes,no,unknown

797771708497350656,no,no,unknown

811006535824502784,yes,no,unknown

795911051783143424,no,no,unknown

795405022481838080,no,no,unknown

799303981906292736,no,no,unknown

808299425173016576,no,no,unknown

804012504057839616,yes,no,unknown

800696407682351106,no,no,unknown

813886456921866240,no,no,unknown

797846330286768128,no,no,unknown

801204780039163905,no,no,unknown

800641920645103616,yes,no,unknown

818470959988490240,no,no,unknown

803910664200785920,no,no,unknown

797111390234361857,yes,no,unknown

797362582365421568,no,no,unknown

811236537035800578,no,no,unknown

817801732474408961,yes,no,unknown

803027919928848384,no,no,unknown

797934031853604864,no,no,unknown

813340775614398464,no,no,unknown

802089762282536960,no,no,unknown

807524308134359040,no,no,unknown

816293184259158020,no,no,unknown

815244182419808256,no,no,unknown

812866265756921857,yes,violence,2016-12-25

810502574977806337,no,no,unknown

815720039064010753,no,no,unknown

800599732972240896,no,no,unknown

801513974013558789,no,no,unknown

795388723751948290,no,no,unknown

814411289263013888,no,no,unknown

811207095819390977,no,no,unknown

808933498186854402,yes,violence,unknown

814473264315662336,no,no,unknown

816559440610496512,no,no,unknown

807989906576461824,yes,violence,2016-12-11

812445682745376768,yes,no,unknown

814573794018861056,no,no,unknown

811220555764551680,yes,no,unknown

805941866038366208,no,no,unknown

801683319054331904,yes,no,unknown

795744528418435072,no,no,unknown

815412512443265025,no,no,unknown

802570757821829125,yes,no,unknown

798897354489270272,yes,no,unknown

802610856571838465,yes,no,unknown

814481613052579841,yes,no,unknown

803292220212264960,yes,violence,2016-11-28

812982537102524416,no,no,unknown

797148065006166017,yes,no,unknown

800313703526703110,yes,no,unknown

805180296329101312,no,no,unknown

799267777097986049,no,no,unknown

808291447195758592,no,no,unknown

804817268601487360,no,no,unknown

817733386701705216,yes,no,unknown

805452615425413120,yes,no,unknown

801401321530257409,yes,no,unknown

817697478732488708,no,no,unknown

814518563109224448,yes,no,unknown

795287639884701697,yes,no,unknown

800831417483608065,no,no,unknown

799866130005393408,no,no,unknown

811075789936541696,yes,no,unknown

806573934611202049,yes,no,unknown

802146250195947521,yes,no,unknown

811918754946883584,no,no,unknown

815245968899710976,no,no,unknown

816950680690823168,yes,no,unknown

809577624880058368,no,no,unknown

796618611318255616,yes,violence,2016-11-10

811795456556695552,no,no,unknown

814574451266387968,no,no,unknown

798804813223821312,no,no,unknown

812033777945874432,no,no,unknown

805327766027698180,yes,no,unknown

815199163222786050,no,no,unknown

815812775301640192,no,no,unknown

817221993376415744,no,no,unknown

806757929365843968,yes,no,unknown

817078624872525825,no,no,unknown

815463863193923584,no,no,unknown

800509346643935232,no,no,unknown

800959277699633152,yes,violence,2016-11-22

800408647163645952,no,no,unknown

795341725707407361,no,no,unknown

805136758333730817,no,no,unknown

816192560045707264,no,no,unknown

814781317137268737,no,no,unknown

797358213838544896,no,no,unknown

803609767847596032,no,no,unknown

799267752993292289,no,no,unknown

813855258321518593,no,no,unknown

812241071258406912,no,no,unknown

798818568108314625,no,no,unknown

800599616668495872,no,no,unknown

809065843581599744,no,no,unknown

810140294121304065,yes,no,unknown

815186572790366208,no,no,unknown

804055925145403393,no,no,unknown

818754561376665600,no,no,unknown

815398704031137792,yes,malpractice,2017-01-01

814440900499742720,no,no,unknown

795558215446577152,no,no,unknown

818032688028209152,no,no,unknown

801042208115789824,no,no,unknown

815264413901082624,no,no,unknown

814163163964985344,no,no,unknown

813635182301446144,no,no,unknown

813689449217425409,no,no,unknown

817725356128030720,yes,violence,unknown

808052338942496769,no,no,unknown

796988150136483840,no,no,unknown

800927095664701440,yes,no,unknown

807999460064247809,yes,violence,unknown

795277476230496256,yes,no,unknown

804805209901985792,yes,no,unknown

801813810738774017,yes,no,unknown

795918476170981376,no,no,unknown

809499236391878656,yes,violence,2016-12-15

809498262029946880,no,no,unknown

805793996522012672,yes,no,unknown

805461830026010624,no,no,unknown

813368538773725184,no,no,unknown

796624964187291648,no,no,unknown

815968698460700673,no,no,unknown

811841012486336512,no,no,unknown

809894018045931521,no,no,unknown

816622830645284864,no,no,unknown

817453351948402689,no,no,unknown

815963860767244288,no,no,unknown

816615340146835456,yes,no,unknown

798108963334066176,no,no,unknown

797852538561298432,no,no,unknown

798615837565390850,no,no,unknown

808162727025733634,yes,violence,2016-12-12

807928938437677056,yes,no,unknown

810184656624689154,no,no,unknown

806790645662613505,no,no,unknown

811680350673969152,no,no,unknown

806568111839313920,yes,no,unknown

807494140229468160,yes,no,unknown

798225881860685824,no,no,unknown

814979096711233537,no,no,unknown

795918325163421696,no,no,unknown

798804381445419008,no,no,unknown

810464116813037568,no,no,unknown

815320719835938816,no,no,unknown

798577544954019840,yes,no,unknown

812273335555891200,no,no,unknown

810357637606998016,no,no,unknown

810775483965181952,no,no,unknown

802951511445741569,yes,malpractice,unknown

798978538061709312,yes,violence,2016-11-16

798222534915264512,no,no,unknown

805598853147852800,no,no,unknown

808059909036273665,yes,no,unknown

807946612786036736,no,no,unknown

817687886183235585,no,no,unknown

814884691664846848,yes,no,unknown

817369746639323136,no,no,unknown

800007311502798848,yes,no,unknown

805207346540638208,no,no,unknown

795280462168129537,no,no,unknown

796989997853224960,no,no,unknown

808438051093348353,no,no,unknown

807067247239905280,yes,no,unknown

799534267453870081,yes,violence,2016-11-17

801819991850958848,yes,no,unknown

799779860382150656,no,no,unknown

796001256468791296,no,no,unknown

797445380053102592,yes,no,unknown

806511197948354560,yes,violence,unknown

815373264381878272,no,no,unknown

797922958068981760,no,no,unknown

802799598423121920,yes,no,unknown

805560637711646720,no,no,unknown

801359566562803713,no,no,unknown

817375688898527233,no,no,unknown

814790530076987392,no,no,unknown

796055442120028160,no,no,unknown

802594991226789888,no,no,unknown

805819727209590784,no,no,unknown

802078751748132864,yes,violence,unknown

817099874588127233,no,no,unknown

800357873372917760,yes,no,unknown

803644861543018496,no,no,unknown

808061729674498052,no,no,unknown

813176891846688768,no,no,unknown

807935732316831744,no,no,unknown

800021422131281920,no,no,unknown

808655978384134144,no,no,unknown

807644677763694592,no,no,unknown

801507304658997249,yes,malpractice,unknown

805444056541237248,yes,no,unknown

803597978078474241,no,no,unknown

807524323670032385,yes,no,unknown

810538560520679424,no,no,unknown

796093193024630784,no,no,unknown

813873813226143744,no,no,unknown

809703838278176768,yes,violence,2016-12-16

796998996434812928,no,no,unknown

795593937218052097,yes,no,unknown

816552893562155008,no,no,unknown

814787142656360448,no,no,unknown

798528547878891520,yes,no,unknown

798231308510040064,yes,no,unknown

807359434498408448,no,no,unknown

814741681966841856,yes,no,unknown

804373498831532036,no,no,unknown

805306048248573952,no,no,unknown

805005047612391424,yes,no,unknown

804333903070851072,no,no,unknown

797351624201142272,no,no,unknown

799391517819490304,no,no,unknown

795691633345970176,yes,no,unknown

813537388320329728,no,no,unknown

801116081691787264,yes,malpractice,2016-11-22

814779706566385664,no,no,unknown

818112940507332609,no,no,unknown

799020180571639814,yes,no,unknown

813818188190326784,yes,no,unknown

804933500050739200,yes,violence,unknown

814150608525594624,no,no,unknown

813868628114219008,no,no,unknown

801443154700419072,no,no,unknown

796636588629295105,no,no,unknown

814495240480522240,yes,malpractice,2016-12-29

810140275792224257,no,no,unknown

818001370045353984,no,no,unknown

815215066601652224,no,no,unknown

804963630282326016,no,no,unknown

807460927507460096,yes,no,unknown

796091238193709056,no,no,unknown

799519226256097280,no,no,unknown

818579992095453184,no,no,unknown

806055642549092353,no,no,unknown

816684814527033344,no,no,unknown

812831878864662528,yes,no,unknown

801101303145447428,no,no,unknown

809121676818452481,yes,violence,unknown

814079048833863680,yes,no,unknown

807234345773711360,yes,no,unknown

799629334931734529,yes,violence,2016-11-18

809480717164040193,yes,violence,unknown

795319751933304832,no,no,unknown

817251938261569536,no,no,unknown

812457309766971392,no,no,unknown

809507981125623809,no,no,unknown

806984969390329856,no,no,unknown

810211144950497280,yes,malpractice,unknown

818363020774666240,no,no,unknown

810829554390441984,no,no,unknown

799546909442576384,no,no,unknown

800044492036243456,yes,no,unknown

814146513915871232,no,no,unknown

817447839160762368,no,no,unknown

796733531749810176,no,no,unknown

796708287211339776,no,no,unknown

801359575760994305,no,no,unknown

815933313961566209,no,no,unknown

818203763135614976,no,no,unknown

803240583267389440,no,no,unknown

814146603284135936,no,no,unknown

813651681640468481,no,no,unknown

817440497446899712,yes,no,unknown

804344108156272640,no,no,unknown

811298153181761536,no,no,unknown

817103432637153281,no,no,unknown

798108812553043969,no,no,unknown

807857615309049856,no,no,unknown

796295475741814784,no,no,unknown

798258257416495104,no,no,unknown

798055453095788544,no,no,unknown

809513970725949441,no,no,unknown

803464635194232832,yes,violence,2016-11-29

816007395130404865,yes,no,unknown

798290652022722560,no,no,unknown

814414853611941888,no,no,unknown

817285755085189120,yes,no,unknown

798550809797505024,no,no,unknown

804365826321096704,no,no,unknown

817695465235955713,yes,no,unknown

810965080305270785,no,no,unknown

810775024227454976,yes,malpractice,2016-12-19

817689026882719747,no,no,unknown

811172699296976896,no,no,unknown

811460285143875584,no,no,unknown

810570677224935426,no,no,unknown

795839087483777024,yes,no,unknown

818127709683544065,no,no,unknown

798686409200697346,no,no,unknown

805082456835489792,no,no,unknown

809421474725363712,no,no,unknown

795248186453622784,no,no,unknown

802846883597156352,yes,no,unknown

804750205518315520,yes,malpractice,unknown

812565604939038720,no,no,unknown

815175921284055040,no,no,unknown

802141835246194690,yes,no,unknown

797788384806785028,yes,no,unknown

796272648024104960,yes,no,unknown

813442652662362115,yes,violence,unknown

811262001997611008,no,no,unknown

806402190915018752,yes,no,unknown

802589818651701248,yes,violence,unknown

795295138012626944,no,no,unknown

797925540330020865,no,no,unknown

802104722723311616,yes,no,unknown

807017148891668480,yes,no,unknown

808790119612350464,no,no,unknown

813030826384334848,no,no,unknown

795281801614913536,no,no,unknown

810955246507880448,no,no,unknown

813750504178196480,no,no,unknown

802206250578612224,no,no,unknown

798148640736952320,yes,no,unknown

797524583674970112,no,no,unknown

800406582123175940,no,no,unknown

809057779461693440,no,no,unknown

799701457754845184,no,no,unknown

817331314441469953,no,no,unknown

799987522201862144,yes,no,unknown

810863704346624000,no,no,unknown

808327652532744192,yes,no,unknown

799002188236263424,no,no,unknown

801138944645722112,yes,no,unknown

803594840613089280,no,no,unknown

797009442483171328,no,no,unknown

801476503154393088,no,no,unknown

804355193206808577,yes,no,unknown

798232832757764096,no,no,unknown

806089550590263296,no,no,unknown

795927543564140544,yes,no,unknown

797097350086934528,yes,no,unknown

812028209273405440,yes,malpractice,unknown

809084420821045248,no,no,unknown

803680144783245312,no,no,unknown

812377773029388289,no,no,unknown

817113527999754240,no,no,unknown

810663757840060416,yes,no,unknown

813286933828866048,no,no,unknown

817120203007991808,yes,no,unknown

798791789851217920,yes,malpractice,unknown

798857720262598656,no,no,unknown

814755818075811842,yes,no,unknown

799886613161672705,no,no,unknown

818725338964525057,yes,no,unknown

806715303501631488,yes,no,unknown

813839616285573122,no,no,unknown

813377374838341632,no,no,unknown

815313153177387009,no,no,unknown

811805226692800514,no,no,unknown

806906705128857604,yes,no,unknown

800044413741367297,no,no,unknown

812502043978072066,no,no,unknown

816075684804173828,no,no,unknown

798061878836482048,no,no,unknown

803285348881141760,yes,no,unknown

818717472316657664,no,no,unknown

803972113921085440,yes,no,unknown

800613868703719424,no,no,unknown

807519916303798272,no,no,unknown

815439610088189953,yes,no,unknown

798180667267883008,no,no,unknown

816886998065643520,no,no,unknown

804817318970880000,yes,no,unknown

797146308658208769,yes,no,unknown

810157127247405056,no,no,unknown

808103477608071168,no,no,unknown

808231183494549505,no,no,unknown

816871201872220160,no,no,unknown

804348370307387392,yes,no,unknown

806141968455700480,no,no,unknown

807336616503164928,yes,no,unknown

815944117058437126,no,no,unknown

815381088973553664,no,no,unknown

812949352914255872,no,no,unknown

804855438332334080,yes,malpractice,unknown

817430154133827585,yes,no,unknown

810233466977734656,no,no,unknown

800987960573181952,no,no,unknown

799083454625443840,no,no,unknown

810005957963108352,yes,no,unknown

811840736928923648,yes,no,unknown

809351329692917761,yes,no,unknown

809456933786685440,yes,no,unknown

804389631676383232,yes,no,unknown

808988597349154818,no,no,unknown

817076076140761095,yes,no,unknown

811107058716209153,yes,malpractice,unknown

815276754310987776,no,no,unknown

808373541846581248,yes,no,unknown

804033197617070080,no,no,unknown

814845640857489408,yes,no,unknown

804100921038880768,yes,no,unknown

814505403182616577,no,no,unknown

797859740609118208,yes,no,unknown

806555016161067008,yes,no,unknown

797039006089236480,no,no,unknown

802220546092044288,no,no,unknown

815148405907398656,yes,no,unknown

804206256730861568,yes,malpractice,unknown

799391517920018432,no,no,unknown

808864461780041729,yes,violence,unknown

807920181028732928,no,no,unknown

800354351470510080,no,no,unknown

812750970031509504,no,no,unknown

801106342358482945,no,no,unknown

797027107809402880,yes,no,unknown

806272968745713664,yes,violence,unknown

799470241688363008,no,no,unknown

809821133411205120,no,no,unknown

804577296082468864,yes,no,unknown

818856381096886272,no,no,unknown

816028852187074561,no,no,unknown

803889100688392192,no,no,unknown

811852722957905920,no,no,unknown

811158616824692736,yes,no,unknown

816736275248140290,no,no,unknown

796700094229860353,no,no,unknown

799519676267196416,yes,violence,unknown

802536655693447168,no,no,unknown

811614250842161152,yes,no,unknown

798779602768306176,no,no,unknown

808594007978864640,yes,violence,unknown

799224685288243201,no,no,unknown

808394226505543680,no,no,unknown

815521543413530624,no,no,unknown

798207437148798976,yes,violence,unknown

804794126520766465,no,no,unknown

811782927516364800,yes,malpractice,2016-12-22

807461068977164292,no,no,unknown

801565367910932480,no,no,unknown

816736724457926656,no,no,unknown

802007767523463168,yes,no,unknown

807523833704042496,yes,no,unknown

818446006299738112,yes,violence,unknown

804100902479167489,yes,no,unknown

813859295074758657,no,no,unknown

816558053436911616,no,no,unknown

807260016923312128,no,no,unknown

805057638505402368,yes,no,unknown

814825126399131648,no,no,unknown

800445803542224896,yes,no,unknown

813765513734160384,no,no,unknown

799564156651323392,yes,no,unknown

818778099726905345,no,no,unknown

814206933783560192,no,no,unknown

816195415519309824,no,no,unknown

800433935855456256,yes,no,unknown

807175368759279616,no,no,unknown

798574600623890433,no,no,unknown

802119875741282304,no,no,unknown

796993833649246208,no,no,unknown

810197940014723072,no,no,unknown

817692290072223744,no,no,unknown

818337279735463936,no,no,unknown

812029508828196864,no,no,unknown

795273407751405568,no,no,unknown

799174580082507776,no,no,unknown

796876240623910913,yes,no,unknown

797923412324667393,no,no,unknown

803742297997410304,no,no,unknown

812294469706018820,no,no,unknown

809391600770183168,no,no,unknown

815138839756992512,no,no,unknown

804027087879340038,no,no,unknown

808047650268475392,no,no,unknown

810187454695219201,no,no,unknown

806792165707784192,no,no,unknown

815166079957749760,no,no,unknown

801792439392485376,no,no,unknown

808310528678514688,no,no,unknown

797117492887961600,yes,no,unknown

808351879604424704,no,no,unknown

814078812661030912,yes,no,unknown

816655959514873860,no,no,unknown

805702832351494145,no,no,unknown

797060318405005316,yes,no,unknown

805469483531898880,no,no,unknown

808252358748753920,yes,no,unknown

810318719381635073,no,no,unknown

810120559904301056,no,no,unknown

796285860148756480,no,no,unknown

810968296891838465,no,no,unknown

810031438493978624,yes,no,unknown

802291696520155141,yes,no,unknown

815550290749493248,yes,no,unknown

802885271196934144,no,no,unknown

799598318380691458,yes,no,unknown

805036715857641473,no,no,unknown

801442814391451649,no,no,unknown

807971876517580800,no,no,unknown

796649376961757185,no,no,unknown

806849719150460929,yes,no,unknown

813372358459355136,yes,no,unknown

798950878778626048,no,no,unknown

816257787894333441,no,no,unknown

806911383963111425,yes,no,unknown

796549456514711552,no,no,unknown

802617489850974208,no,no,unknown

798942757909708800,yes,no,unknown

813174492906352640,no,no,unknown

807354244013715459,yes,no,unknown

812986296738217986,no,no,unknown

802436875822645248,no,no,unknown

807222232636342273,yes,no,unknown

797409061646036992,yes,no,unknown

797047961482104832,no,no,unknown

804364646283145216,yes,no,unknown

800642316067336192,no,no,unknown

799669755309277184,yes,no,unknown

813295369731919876,no,no,unknown

804736033245958144,yes,no,unknown

804467621428985856,no,no,unknown

801338744112640004,yes,no,unknown

818733130190389248,no,no,unknown

795585643640451072,no,no,unknown

807351576511844352,no,no,unknown

805766926874148864,yes,no,unknown

807316816230023168,yes,no,unknown

801103433268871173,yes,no,unknown

806486465760919552,no,no,unknown

814573994536009732,no,no,unknown

800408359367282688,no,no,unknown

811523130258755585,no,no,unknown

817197696146636800,no,no,unknown

804298855214940160,yes,no,unknown

801686107511463936,no,no,unknown

797219430266793984,no,no,unknown

806591957682311169,no,no,unknown

802036704823672832,yes,violence,2016-11-25

802969775697776640,yes,no,unknown

806849057603907588,yes,no,unknown

818007330927284224,no,no,unknown

810054958993338368,no,no,unknown

810766130683973632,yes,no,unknown

812289867984019457,no,no,unknown

806048018860572673,yes,no,unknown

808707221370638338,yes,no,unknown

816602893658640384,no,no,unknown

807936258316140545,yes,no,unknown

818043993380438017,yes,no,unknown

809238175973593095,no,no,unknown

811249888352763905,yes,no,unknown

797102390864449538,yes,no,unknown

807345976281178112,no,no,unknown

800599417799708672,no,no,unknown

799660849883295744,no,no,unknown

797368591339417600,no,no,unknown

800170183474216964,no,no,unknown

816884350075699200,no,no,unknown

795919569663782912,yes,no,unknown

800882332974583808,no,no,unknown

797382946311340032,no,no,unknown

805697371153846272,no,no,unknown

816957827256320000,no,no,unknown

798111628017496064,yes,no,unknown

803547291617554432,no,no,unknown

798093731614232576,no,no,unknown

811848860406517760,no,no,unknown

801873066817101824,no,no,unknown

795260821219770368,no,no,unknown

809688949966995456,yes,violence,unknown

802122639267549184,yes,violence,2016-11-25

815896989082746880,no,no,unknown

802386678937686016,no,no,unknown

806042518961999873,yes,no,unknown

811575965876977664,no,no,unknown

795459574509797376,no,no,unknown

813755811037970432,no,no,unknown

803126317902221312,yes,no,unknown

806292755194540032,yes,violence,unknown

804218910111191040,no,no,unknown

795318084152205312,yes,violence,unknown

797387510250950656,no,no,unknown

800437606844628992,no,no,unknown

795306304801648641,yes,no,unknown

800456528574693376,yes,violence,2016-11-20

812800896572780544,yes,no,unknown

799300340248100864,yes,no,unknown

805396776320634880,no,no,unknown

816821837531402241,no,no,unknown

809074970894761984,yes,no,unknown

806668208929390596,no,no,unknown

800865611488194560,no,no,unknown

816368467280560128,no,no,unknown

803214701803040768,yes,no,unknown

804260819861180416,no,no,unknown

810771624249139200,no,no,unknown

810135508609355777,no,no,unknown

806910994480033793,yes,no,unknown

803381645566967809,yes,no,unknown

808424703517933569,no,no,unknown

797209925760024577,no,no,unknown

807482315085611008,yes,no,unknown

799589549110272000,no,no,unknown

812927556559269888,no,no,unknown

807575906474569732,no,no,unknown

797104527975608320,yes,no,unknown

816625688560156672,yes,malpractice,unknown

804191196922998784,no,no,unknown

803739649655054336,no,no,unknown

800476916973260800,yes,no,unknown

815163702387310593,no,no,unknown

812361079342899200,no,no,unknown

801536932643819520,yes,no,unknown

812014031364046848,yes,malpractice,unknown

798355467919618048,yes,malpractice,unknown

810787202263293958,yes,no,unknown

798195300548493312,yes,violence,unknown

812025699020263424,no,no,unknown

814617443259846656,no,no,unknown

807120217595908096,no,no,unknown

804354856836329472,yes,no,unknown

818426125022089216,no,no,unknown

818341915498258432,no,no,unknown

795528942857912320,yes,no,unknown

811014185165451264,yes,no,unknown

806828924319698948,no,no,unknown

798413231291334656,no,no,unknown

801077974028156928,no,no,unknown

806783882519416836,no,no,unknown

817063693192220676,yes,violence,unknown

806427130326351872,no,no,unknown

818369043857960961,no,no,unknown

796656663176552448,yes,no,unknown

801525584924966912,no,no,unknown

799341329964744704,no,no,unknown

804703703005413376,yes,no,unknown

809500904349114368,no,no,unknown

810528431221985281,yes,no,unknown

801171323565277184,no,no,unknown

818837845964005376,yes,no,unknown

810615502238257152,no,no,unknown

796821397720928256,yes,violence,unknown

796678811073052672,no,no,unknown

810565656294944768,yes,no,unknown

804515707635531776,yes,no,unknown

818506917060362240,yes,no,unknown

813058600730030082,no,no,unknown

811828740925882368,no,no,unknown

803493022843437056,yes,no,unknown

799971525923340288,no,no,unknown

806381799697956865,yes,violence,unknown

806630317826117632,no,no,unknown

814423624794959877,no,no,unknown

806804344595161088,yes,no,unknown

800308330187161601,yes,no,unknown

809926742626500608,yes,no,unknown

805401711670165505,yes,no,unknown

795451252771581952,no,no,unknown

812042565201448960,no,no,unknown

797075454444371968,no,no,unknown

816029927388626945,no,no,unknown

802430601676484608,yes,no,unknown

810885707074064384,no,no,unknown

805179010208632832,no,no,unknown

809232633771081728,no,no,unknown

798895050247671810,yes,violence,2016-11-16

807653390159253505,yes,no,unknown

807577639695355904,no,no,unknown

807351101813063680,yes,no,unknown

817478241082454016,no,no,unknown

808373497533702144,no,no,unknown

805847503572582400,no,no,unknown

818092661999542275,no,no,unknown

807848203240542208,yes,no,unknown

808590301615034368,no,no,unknown

813282152657940480,no,no,unknown

799541490624135168,no,no,unknown

807891866297450496,no,no,unknown

803207025521889281,yes,no,unknown

803207646442459137,no,no,unknown

811481390193709056,yes,no,unknown

804749625563422720,yes,no,unknown

810859892567343105,no,no,unknown

816587011687518212,no,no,unknown

810214130753867776,yes,violence,unknown

806454144009728002,no,no,unknown

806453430185263104,yes,no,unknown

810093779801767940,no,no,unknown

815431538116534273,no,no,unknown

809288461538697216,no,no,unknown

809064343958618112,no,no,unknown

809682318340345856,no,no,unknown

815581118569267201,no,no,unknown

799325504805498881,yes,violence,unknown

798517820837556224,no,no,unknown

806540155997687808,no,no,unknown

814915737550725120,no,no,unknown

813978337823641600,no,no,unknown

818001582419832832,no,no,unknown

809509498041810945,no,no,unknown

814838252763049985,no,no,unknown

802881455730741248,no,no,unknown

815368532582133761,no,no,unknown

818330273943318528,no,no,unknown

804396585501204480,yes,no,unknown

797488149408653312,no,no,unknown

799532867755900928,yes,no,unknown

806668398440628225,yes,no,unknown

796223634838790145,no,no,unknown

799864699093471232,no,no,unknown

796999004471037952,no,no,unknown

804981328286519296,yes,no,unknown

809676885009584128,no,no,unknown

811468346994606080,yes,no,unknown

803177433176375296,no,no,unknown

807511912284114944,yes,no,unknown

811293422791327744,yes,no,unknown

804732109357203458,no,no,unknown

817430057874558976,no,no,unknown

806962325051715584,yes,no,unknown

804346202024251393,no,no,unknown

798529351218327552,no,no,unknown

814985345213353985,yes,no,unknown

809496094870798337,yes,no,unknown

806718925664817153,no,no,unknown

806834918588379136,yes,malpractice,unknown

809820726119251970,no,no,unknown

803875041444241408,no,no,unknown

797067757426769920,yes,no,unknown

798513093110284288,no,no,unknown

796301905626615808,yes,no,unknown

796682041987366912,no,no,unknown

817618439661584384,no,no,unknown

804189255232696320,no,no,unknown

807298038247157762,yes,no,unknown

816569832971898880,no,no,unknown

806161845501435904,yes,no,unknown

801844491254571008,yes,no,unknown

817885836670828544,no,no,unknown

797091817967722496,no,no,unknown

818433523824689152,no,no,unknown

813397378074083328,yes,no,unknown

802211959055716352,no,no,unknown

818360373472624641,no,no,unknown

809467418036883456,yes,no,unknown

800424896119664640,no,no,unknown

802188996126396417,no,no,unknown

799581764389863424,no,no,unknown

805736611707138049,no,no,unknown

801409360408801280,no,no,unknown

806206212849037312,no,no,unknown

811724944610652165,no,no,unknown

805070410194751488,yes,no,unknown

799656077298114560,no,no,unknown

810263841984708608,yes,no,unknown

811158261273624576,yes,no,unknown

816703585455116288,no,no,unknown

816282016203341824,no,no,unknown

808041122622750720,no,no,unknown

803119022355005440,no,no,unknown

815581698624724992,no,no,unknown

818764042399608832,no,no,unknown

812327329150205952,yes,no,unknown

810768482367315968,no,no,unknown

813425101844660224,yes,no,unknown

814055851006853120,no,no,unknown

802971147432169472,no,no,unknown

809442063477510144,yes,no,unknown

803947872798396416,no,no,unknown

807321986808549381,no,no,unknown

818388765668495360,yes,no,unknown

806198086628319233,no,no,unknown

801818976913387520,no,no,unknown

801403471257890816,no,no,unknown

803582829850398720,no,no,unknown

817641480126742528,no,no,unknown

801519859439960064,yes,violence,unknown

811617718277378048,no,no,unknown

812072277013577728,no,no,unknown

818729964606554112,no,no,unknown

809040629347008512,yes,malpractice,unknown

802195994653917184,no,no,unknown

804772486122504192,no,no,unknown

803533214937743360,no,no,unknown

808922216213651456,no,no,unknown

803513181121507329,no,no,unknown

811080843074666497,yes,no,unknown

807040382500556801,yes,violence,unknown

818187517765840901,no,no,unknown

815890333829570560,no,no,unknown

806152946819985408,no,no,unknown

799699053285998592,yes,no,unknown

810199676741910528,no,no,unknown

810904320673808384,yes,no,unknown

818425655440379904,no,no,unknown

812669383055147008,no,no,unknown

813478575881981953,no,no,unknown

806627014925045761,yes,no,unknown

806046850432253952,yes,no,unknown

815174929050017792,no,no,unknown

807415689120071680,yes,no,unknown

808371280193998848,yes,no,unknown

817778713857314816,no,no,unknown

814077914677383168,no,no,unknown

807075156317339648,no,no,unknown

811187153887576064,no,no,unknown

804178226209816577,yes,violence,unknown

814449562559639552,no,no,unknown

803025487530369025,yes,no,unknown

808343602657165317,no,no,unknown

810972576285597696,no,no,unknown

808711373718978560,yes,no,unknown

804195475075244034,yes,no,unknown

803182793136230400,no,no,unknown

798823150192455680,no,no,unknown

797156098293764096,yes,no,unknown

813000834090930180,yes,no,unknown

808358608354340865,no,no,unknown

818429122678497280,yes,no,unknown

802570757842702337,yes,no,unknown

814596122337492992,no,no,unknown

807516535560503296,yes,no,unknown

818043987600805889,yes,no,unknown

800024833216090116,no,no,unknown

798949402140360704,yes,no,unknown

812219496182284288,yes,no,unknown

800762726977011712,yes,violence,unknown

818809283999580161,no,no,unknown

807954124486701056,no,no,unknown

803154288264388608,yes,no,unknown

799516577460850689,yes,violence,2016-11-18

796046341252190208,yes,no,unknown

808382632316796928,no,no,unknown

818037326614069248,no,no,unknown

802580588058185728,yes,no,unknown

814111326188556289,no,no,unknown

804441330956894208,no,no,unknown

812011841387757568,no,no,unknown

812639750733623296,yes,no,unknown

798507927292219392,yes,violence,unknown

801421105491824640,yes,no,unknown

795710425438580737,no,no,unknown

802995627001020416,no,no,unknown

809001663637975040,yes,no,unknown

802421833731489793,no,no,unknown

804973715696025600,yes,no,unknown

810557283419746304,no,no,unknown

809869253503500288,no,no,unknown

818799905380716545,no,no,unknown

796427420093923328,yes,no,unknown

818075887497310208,yes,no,unknown

800289773638262784,no,no,unknown

797160148997435392,yes,no,unknown

805169596202369025,no,no,unknown

802518874113658880,yes,no,unknown

814119329100873728,no,no,unknown

805049029373652993,no,no,unknown

811686031464558592,yes,no,unknown

813681615201325057,no,no,unknown

801218865862615040,no,no,unknown

798430067244367872,no,no,unknown

811520900038295552,no,no,unknown

799513073019211776,no,no,unknown

797927630053908480,yes,no,unknown

812474901424652288,no,no,unknown

795319168614760452,yes,violence,2016-11-06

797840704831705088,no,no,unknown

796719713233596417,no,no,unknown

801685795719548928,no,no,unknown

811814033124827136,no,no,unknown

810927695961866241,no,no,unknown

811284175458304000,no,no,unknown

803164166781419520,no,no,unknown

798583194702462976,no,no,unknown

811760556952563712,no,no,unknown

813299244195074048,no,no,unknown

818483757665714177,no,no,unknown

802577800247001088,no,no,unknown

817521140163899395,no,no,unknown

796518618007793665,no,no,unknown

812505123213680640,no,no,unknown

810751684133683200,yes,violence,unknown

810978693149585408,yes,no,unknown

799275012733734912,no,no,unknown

811187746798759936,yes,no,unknown

811090175371644928,no,no,unknown

814186380012244993,no,no,unknown

818488400957362176,no,no,unknown

803494011835219968,no,no,unknown

813344530627985408,yes,violence,2016-12-26

804091293009870848,yes,no,unknown

803503035787841537,yes,no,unknown

806328941015224320,no,no,unknown

798223613715353601,no,no,unknown

811327389045260289,yes,no,unknown

797419771713191936,no,no,unknown

817007029785128960,no,no,unknown

799523087956004864,no,no,unknown

804549814033805312,yes,no,unknown

811450963710115841,yes,no,unknown

807567177989636096,yes,no,unknown

800604626676576256,no,no,unknown

812895094332358656,yes,no,unknown

812794307853762561,no,no,unknown

800456758636355585,yes,violence,2016-11-20

805056968327045120,yes,no,unknown

798196376488185857,yes,no,unknown

815192548633235456,no,no,unknown

802838687646003201,yes,no,unknown

795746968479866880,no,no,unknown

804053813955072002,yes,no,unknown

795952140737015808,no,no,unknown

809157783220170752,no,no,unknown

797718387329732608,yes,no,unknown

810553731947188224,no,no,unknown

816347599632474117,yes,violence,2017-01-03

812251750472224768,no,no,unknown

814471272763686914,no,no,unknown

799594449705832448,no,no,unknown

798518736848158720,yes,violence,unknown

795416360998338565,no,no,unknown

818043988816998400,yes,no,unknown

796256619302531072,no,no,unknown

810470649562996736,no,no,unknown

805686397952753665,no,no,unknown

802874900637683712,no,no,unknown

809774376187031553,no,no,unknown

815949278602469376,no,no,unknown

815786438377828352,no,no,unknown

809056901174435841,no,no,unknown

801838012195684352,yes,no,unknown

813039257157857281,no,no,unknown

802028739089625088,yes,no,unknown

809051749378125824,no,no,unknown

800040906489479168,yes,no,unknown

801013548054822912,yes,no,unknown

814368746718580736,no,no,unknown

800795066512056320,yes,no,unknown

802607394270216192,yes,no,unknown

807979645895315456,no,no,unknown

800342187762417665,no,no,unknown

802141845836865536,yes,malpractice,unknown

809726707938820096,yes,no,unknown

804393412044685313,yes,no,unknown

808181169426755588,yes,no,unknown

804101127327322112,yes,no,unknown

802170579641987072,no,no,unknown

811841226538356736,no,no,unknown

804714225797070848,no,no,unknown

816008590557380608,yes,no,unknown

806927897176969217,no,no,unknown

796102112845459456,no,no,unknown

808200762476167169,yes,no,unknown

803714476394450944,no,no,unknown

807132705997651969,yes,no,unknown

814553864674377729,no,no,unknown

801035305348255744,no,no,unknown

800422391218405377,no,no,unknown

804206256755982336,yes,no,unknown

817041952092880896,yes,no,unknown

805201282604695553,no,no,unknown

807331601986285569,yes,no,unknown

795325301752532992,no,no,unknown

817747003824226304,no,no,unknown

811842729504346112,no,no,unknown

806559818794303488,yes,no,unknown

813583881144270848,yes,no,unknown

809718019106566144,yes,violence,unknown

803542874071633920,yes,no,unknown

797343926445342720,yes,no,unknown

818810599304032256,no,no,unknown

817698680547508224,no,no,unknown

804615089684967424,yes,no,unknown

795375221440204800,no,no,unknown

809745484734730244,yes,violence,unknown

804961190787026944,yes,no,unknown

802556324194062336,no,no,unknown

818597396586315776,no,no,unknown

813577351917236224,no,no,unknown

800456854816124929,yes,violence,unknown

799519035541123072,yes,violence,unknown

815851104349065216,no,no,unknown

810815318776041473,yes,violence,unknown

795899058334343168,yes,no,unknown

807167459035926528,yes,no,unknown

811456912533442560,no,no,unknown

800968341812703232,no,no,unknown

800437919433523201,no,no,unknown

804998763467018240,no,no,unknown

799967285188251648,no,no,unknown

797837085193469952,no,no,unknown

809429728209895424,yes,violence,unknown

806606669232869376,yes,violence,unknown

797319928885850112,yes,violence,unknown

817717898542256128,yes,no,unknown

813352012721127424,no,no,unknown

818858327606259712,no,no,unknown

811602997784510465,yes,violence,unknown

811252349100507136,no,no,unknown

812275108840607745,no,no,unknown

803646117959389185,yes,malpractice,unknown

798934383952613376,yes,no,unknown

803713397816705025,no,no,unknown

810556520253431808,no,no,unknown

811328966405554176,no,no,unknown

816671805779939328,no,no,unknown

818154496991916033,no,no,unknown

805006797136363520,no,no,unknown

806895689846390784,no,no,unknown

809160165878562816,yes,malpractice,unknown

815086125521977344,no,no,unknown

812079910177177600,no,no,unknown

806625234291924992,yes,violence,unknown

810159971858055168,yes,no,unknown

801884346944802817,no,no,unknown

805378173579968512,no,no,unknown

802966323772858368,no,no,unknown

804922035361161216,yes,no,unknown

811621182407634944,no,no,unknown

804696934124580864,yes,no,unknown

803639132056522752,no,no,unknown

795735360856723456,no,no,unknown

809167536256352256,no,no,unknown

813082730179264512,no,no,unknown

818796985906069505,no,no,unknown

805443971321364484,yes,no,unknown

814614498501791744,no,no,unknown

797436923015032832,yes,no,unknown

807184204106792960,no,no,unknown

798182913166770176,yes,violence,unknown

811262011833249792,no,no,unknown

803183179108466688,yes,no,unknown

818385632221220868,no,no,unknown

807054350883442688,no,no,unknown

818215785919168512,no,no,unknown

800754697879461888,yes,no,unknown

806914363244298240,yes,no,unknown

809941896080539648,no,no,unknown

812614220386828288,no,no,unknown

814234672632889348,no,no,unknown

816748479238303744,no,no,unknown

815353721198616576,no,no,unknown

807859529396396032,yes,no,unknown

809430044313550848,yes,violence,unknown

811830678480359424,yes,malpractice,unknown

811358728050147328,no,no,unknown

813835903194005506,no,no,unknown

797361107174379520,no,no,unknown

795669855915638784,yes,no,unknown

818435439564423168,yes,violence,unknown

804368541545795585,no,no,unknown

811106006054928384,yes,no,unknown

818719419236892672,no,no,unknown

812009581421412352,no,no,unknown

802061706679742465,yes,no,unknown

812815378313318400,no,no,unknown

813042448490524672,yes,no,unknown

797152242897997824,yes,no,unknown

795558459852881920,no,no,unknown

806817584763076608,no,no,unknown

795414552301236229,yes,no,unknown

798905973427568640,no,no,unknown

801612355956248578,yes,violence,2016-11-24

795945442986991617,no,no,unknown

798507491860611072,no,no,unknown

806346163909693440,no,no,unknown

798485415242055680,no,no,unknown

816045726077751297,no,no,unknown

804418352882077696,no,no,unknown

810299822045470720,yes,no,unknown

799302897280266240,yes,violence,2016-11-17

817985736494485504,yes,no,unknown

804343568395628545,no,no,unknown

816808028725006337,no,no,unknown

814010274520780800,yes,no,unknown

813664032179810304,yes,no,unknown

796990177856126976,no,no,unknown

797369220946427904,no,no,unknown

800298446016155652,yes,no,unknown

817305240135417856,no,no,unknown

809497481302200320,yes,no,unknown

809472396147228674,no,no,unknown

806424616231202816,yes,no,unknown

795540340656640000,no,no,unknown

814319054311878658,no,no,unknown

803996080362885120,yes,no,unknown

807937033348018176,yes,no,unknown

797750897484795904,yes,no,unknown

796616782761037828,yes,no,unknown

799318954283921408,no,no,unknown

800313708002086912,no,no,unknown

816378615554129923,yes,no,unknown

815187299776524288,no,no,unknown

815497475754704896,no,no,unknown

809189126134173697,yes,violence,2016-12-15

814592539588169735,no,no,unknown

805755889156321280,yes,no,unknown

816069704360034308,no,no,unknown

818095383901507584,no,no,unknown

799404838689849344,yes,no,unknown

796369672878886912,yes,no,unknown

811132112850092035,no,no,unknown

802562722583826432,no,no,unknown

802033309803053056,yes,no,unknown

805438012498788352,no,no,unknown

803224453387866113,no,no,unknown

806878939885010945,yes,no,unknown

801514201516802054,no,no,unknown

802839444244008960,no,no,unknown

806894370205159424,no,no,unknown

799966303784079360,no,no,unknown

803664424125001728,yes,no,unknown

805166542216429568,no,no,unknown

798110666162774016,no,no,unknown

816138918374600704,no,no,unknown

810912802718318592,no,no,unknown

808716159772229636,yes,no,unknown

815656769330429952,no,no,unknown

808567495447736320,yes,no,unknown

818845615740354560,no,no,unknown

812073745850343424,no,no,unknown

816178937445220352,no,no,unknown

800053570557059072,no,no,unknown

797132249535836166,no,no,unknown

798810352272052224,yes,no,unknown

818761724081881088,no,no,unknown

808259997746556928,yes,no,unknown

806573504694861824,yes,violence,2016-12-07

802482266677121024,yes,violence,2016-11-26

811227971788898304,yes,no,unknown

811025517285670914,no,no,unknown

804704474371682304,no,no,unknown

802927582358437888,no,no,unknown

802538119132286978,yes,no,unknown

799135525378654208,no,no,unknown

801910648741515264,no,no,unknown

801406819763650561,no,no,unknown

805910313312854016,yes,no,unknown

809632076592979968,no,no,unknown

808099313192673280,no,no,unknown

810232184221167617,yes,no,unknown

795871828786954240,yes,no,unknown

807564871034437632,yes,no,unknown

814547376442642433,yes,no,unknown

816526892425588737,no,no,unknown

805006069495955456,yes,no,unknown

797541953831403520,no,no,unknown

814765757947117568,no,no,unknown

801434936058216448,yes,no,unknown

799911199613878272,yes,no,unknown

810930160803475456,no,no,unknown

801843734396731392,yes,no,unknown

797155953204428800,yes,no,unknown

811771605294731265,no,no,unknown

800063719191482368,no,no,unknown

815807172684742656,no,no,unknown